{
      "Wing" : {
            "aspect_ratio" :12,
            "taper" :12,
            "quarterchord_sweep" :12
      },
      "Veetail" : {
            "surface" :12,
            "quarterchord_sweep" :12
      },
      "Fuselage" : {
            "length_fuselage" :12,
            "diameter_fuselage" :12,
            "length_cockpit" :12,
            "length_cabin" :12,
            "length_tail" :12,
            "upsweep" :12,
            "width_fuselage_outer" :12
      },
      "AircraftParameters" : {
            "MTOM": 2482.586143708877,
            "prop_eff":0.9,
            "v_stall" :12,
            "glide_slope":5,
            "turn_loadfactor":0.9,
            "Stots" :12,
            "v_max" :12
      },
      "Aero": {
            "cd0_cruise" :12,
            "cL_max" :12,
            "cL_alpha" :12,
            "e" :12
      },
      "Engine": {
            "x_rotor_loc": [
                  3.1248466424192243,
                  3.1248466424192243,
                  5.8358679674218426,
                  5.8358679674218426,
                  6.8,
                  6.8
            ],
            "y_rotor_loc": [
                  2.3,
                  -2.3,
                  4.697732064997583,
                  -4.697732064997583,
                  2.3,
                  -2.3
            ],
            "pylon_length": 2.2
      }
}
