{
      "Wing" : {
            "aspect_ratio" :9.4,
            "wing_weight": 168.99698877288353,
            "taper" :0.45,
            "washout" :0,
            "quarterchord_sweep" :0.0
      },
      "Veetail" : {
            "surface" :3,
            "quarterchord_sweep" :0.0,
            "length_wing2vtail" : 4,
            "vtail_weight": 84.31675982363197,
            "aspect_ratio": 6
      },
      "Fuselage" : {
            "length_fuselage" :11.3,
            "diameter_fuselage" :2,
            "length_cockpit" :2.103,
            "length_cabin" :2.7,
            "length_tail" :2,
            "upsweep" :0.3,
            "fuselage_weight" :200,
            "length_tank" :3,
            "volume_fuselage" :8,
            "width_fuselage_outer" :2.2
      },
      "AircraftParameters" : {
            "MTOM": 2500.586143708877,
            "OEM": 2000.586143708877,
            "prop_eff":0.82,
            "v_stall" :45,
            "glide_slope":5,
            "turn_loadfactor":0.9,
            "Stots" :12,
            "v_max" :90,
            "lg_mass":60,
            "misc_mass":35
      },
      "Aero": {
            "cd0_cruise" :0.0291,
            "cL_max" :1.6,
            "cL_alpha" :0.52,
            "cm_ac": -0.054,
            "e" :0.85
      },
      "Power": {
            "battery_pos" : 0.5,
            "cooling_mass" :50
      },
      "Engine": {
            "total_disk_area": 40,
            "totalmass": 400,
            "x_rotor_loc": [
                  3.1248466424192243,
                  3.1248466424192243,
                  5.8358679674218426,
                  5.8358679674218426,
                  6.8,
                  6.8
            ],
            "y_rotor_loc": [
                  2.3,
                  -2.3,
                  4.697732064997583,
                  -4.697732064997583,
                  2.3,
                  -2.3
            ]
      },
      "Stability": {
      }
}
