{
      "name": "J1",
      "mtom": 2666.239658105435,
      "oem": 2191.239658105435,
      "wing_weight": 129.3741987439891,
      "fuselage_weight": 271.45498247487353,
      "lg_weight": 112.84943337081852,
      "hortail_weight": 119.14037053523555,
      "nacelle_weight": 266.6235832034583,
      "powertrain_weight": 48.56344748164453,
      "h2_weight": 973.3612567472425,
      "misc_weight": 269.87238554817316,
      "l_fuse": 9.05,
      "w_fuse": 1.69,
      "eff": 0.9,
      "v_cruise": 83.33,
      "v_max": 104.17,
      "v_stall": 45,
      "loadfactor": 2,
      "h_hover": 30.5,
      "roc": 5,
      "cL_cruise": 0.346,
      "mac": 1.374,
      "cLmax": 1.5,
      "cd": 0.026093,
      "cd0": 0.017,
      "clalpha": 4.97,
      "cm": -0.115,
      "e": 0.8,
      "A": 8.4,
      "A_h": 6,
      "S": 14,
      "S_h": 3.25,
      "c_root": 1.85,
      "c_tip": 0.74,
      "t_r_h": 0.14877,
      "sweep_le": 1.47,
      "sweep_m": -0.255,
      "b": 10.8,
      "taper": 0.4,
      "StotS": 1.2,
      "diskloading": 45,
      "mission_energy": 930650905.6613028,
      "wp_hover": 0.06822382182812936,
      "power_hover": 350916.1952742013,
      "power_climb": 131424.57364673255,
      "power_cruise": 167198.94620605296,
      "wp_cruise": 0.06822382182812936,
      "tw": 1.2333333333333332,
      "ws": 1764.0,
      "WP_hover": 0.04953085790632022,
      "WP_cruise": 0.07608290452035935,
      "TW": 1.2237037037037035,
      "WS": 1860.46875,
      "ld_climb": 220.449,
      "ld_cr": 13.374139005569361,
      "ducted_bool": 0,
      "tandem_bool": 0,
      "G": 0.045,
      "n_max": 4.031659180251925,
      "n_ult": 6.047488770377887,
      "A_tot": 55.78,
      "l_cockpit": 2.103,
      "l_cabin": 3.25,
      "l_tail": 3.942,
      "l_fuselage": 9.295,
      "d_fuselage": 1.7,
      "upsweep": 0.1745,
      "h_wings": 0,
      "x_rotor_loc": [
            0.57,
            0.57,
            3.4,
            3.4,
            6.8,
            6.8
      ],
      "y_rotor_loc": [
            2.3,
            -2.3,
            5.4,
            -5.4,
            2.3,
            -2.3
      ],
      "ww": 400,
      "w_eng": 120,
      "takeoff_energy": 6194180.697889517,
      "trans2hor_energy": 2681364.9263674915,
      "climb_energy": 9725418.44985821,
      "cruise_energy": 769583290.3111793,
      "descend_energy": 2619640.3419658164,
      "hor_loiter_energy": 122089724.6762651,
      "trans2ver_energy": 1860782.611856107,
      "ver_loiter_energy": 10527485.858226039,
      "land_energy": 5369017.78769528
}