{
      "name": "J1",
      "mtom": 2653.922761113299,
      "oem": 2178.922761113299,
      "wing_weight": 377.50059642395996,
      "fuselage_weight": 271.2480208950665,
      "lg_weight": 108.89810779231904,
      "hortail_weight": 39.17755911207203,
      "nacelle_weight": 169.8583972072022,
      "powertrain_weight": 166.21997842493735,
      "h2_weight": 769.8178386015019,
      "misc_weight": 276.20226265624007,
      "l_fuse": 9.05,
      "w_fuse": 1.69,
      "eff": 0.9,
      "v_cruise": 83.33,
      "v_max": 104.17,
      "v_stall": 45,
      "loadfactor": 2,
      "h_hover": 30.5,
      "roc": 5,
      "cL_cruise": 0.4546065494115993,
      "mac": 1.2547452367883867,
      "y_mac": 2.533620189668858,
      "x_lemac": 0.11300572833491977,
      "cLmax": 1.5,
      "cd": 0.029168422598703808,
      "cd0": 0.020473910046165,
      "clalpha": 4.97,
      "cm": -0.115,
      "e": 0.7566172960495666,
      "A": 10.0,
      "A_h": 6,
      "S": 13.979659200417125,
      "S_h": 3.25,
      "c_root": 1.6890801264459052,
      "c_tip": 0.6756320505783622,
      "t_r_h": 0.14877,
      "sweep_le": 0.04460247388133165,
      "sweep_1/4": 0.1,
      "sweep_m": -0.255,
      "b": 11.823560885121337,
      "taper": 0.4,
      "StotS": 1.2,
      "diskloading": 500.0,
      "mission_energy": 1042647464.3655915,
      "wp_hover": 0.06822382182812936,
      "power_hover": 1163539.8489745616,
      "power_climb": 157891.80697993317,
      "power_cruise": 172620.8866531166,
      "wp_cruise": 0.06822382182812936,
      "tw": 1.2333333333333332,
      "WP_hover": 0.04818518901432703,
      "WP_cruise": 0.0723729178408536,
      "TW": 1.2237037037037035,
      "WS": 1860.46875,
      "ld_climb": 220.449,
      "ld_cr": 15.585571961364861,
      "ducted_bool": 0,
      "tandem_bool": 0,
      "G": 0.045,
      "n_max": 2.9978808587535037,
      "n_ult": 4.496821288130255,
      "A_tot": 55.78,
      "l_cockpit": 2.103,
      "l_cabin": 3.25,
      "l_tail": 3.942,
      "l_fuselage": 9.295,
      "d_fuselage": 1.7,
      "upsweep": 0.1745,
      "h_wings": 0,
      "x_rotor_loc": [
            0.57,
            0.57,
            3.4,
            3.4,
            6.8,
            6.8
      ],
      "y_rotor_loc": [
            2.3,
            -2.3,
            5.4,
            -5.4,
            2.3,
            -2.3
      ],
      "ww": 400,
      "w_eng": 120,
      "takeoff_energy": 20538168.85855587,
      "trans2hor_energy": 7501278.923316617,
      "climb_energy": 11683993.716515055,
      "cruise_energy": 794539397.1755146,
      "descend_energy": 3122808.9548825272,
      "hor_loiter_energy": 146609161.97035062,
      "trans2ver_energy": 5944299.607908586,
      "ver_loiter_energy": 34906195.46923684,
      "land_energy": 17802159.689310793,
      "Vx_cr": 668.7430851207065,
      "Vy_cr": 0.0,
      "Vz_cr": -11410.654973840816,
      "Mx_cr": 29762.823583077294,
      "Mz_cr": -292.93314206608113,
      "T_cr": 5970.934511853627,
      "Vx_vf": 0.0,
      "Vy_vf": 0.0,
      "Vz_vf": -7050.856683312572,
      "Mx_vf": 27853.077612714507,
      "Mz_vf": 0.0,
      "T_vf": 1457.8881285574364,
      "thickness_to_chord": 0.17,
      "i_xx": 2.923973112660695e-05,
      "i_zz": 0.00012899881379385418,
      "i_xz": 0.0,
      "j_y": 0.00015823854492046113,
      "area_enclosed": 0.15262271672594943,
      "area": 0.0060632602858685936,
      "max_shear_cr": 23135603.499779053,
      "max_axial_cr": 96540892.02662314,
      "max_shear_vf": 11852768.941238347,
      "max_axial_vf": 89465754.69746049,
      "crit_buck_stress": 3531983.863062337,
      "A1": 11.0,
      "A2": 11.0
}