{
      "name": "J1",
      "mtom": 6.538108460883044e+148,
      "oem": 6.538108460883044e+148,
      "wing_weight": 3.3182531731135336e+112,
      "fuselage_weight": 2.4058506790432037e+23,
      "lg_weight": 2.615238038249115e+147,
      "hortail_weight": 3.594278366422316e+130,
      "nacelle_weight": 9.673459336277517e+147,
      "powertrain_weight": 9.466250880780004e+147,
      "h2_weight": 3.3131878082730015e+148,
      "misc_weight": 4.55052330635465e+147,
      "l_fuse": 9.295,
      "w_fuse": 1.7,
      "eff": 0.9,
      "v_cruise": 83.33,
      "v_max": 104.17,
      "v_stall": 45,
      "loadfactor": 2,
      "h_hover": 30.5,
      "roc": 5,
      "cL_cruise": 0.4318762219410193,
      "mac": 6.9739851421340536e+72,
      "y_mac": 1.1828951721850454e+73,
      "x_lemac": 6.0351794499237e+71,
      "cLmax": 1.5,
      "cd": 0.012129881670473729,
      "cd0": 0.003289281654921153,
      "clalpha": 4.97,
      "cm": -0.115,
      "e": 0.799480152200161,
      "A": 8.4,
      "A_h": 6,
      "S": 3.6276618217225246e+146,
      "S_h": 3.25,
      "c_root": 9.388056922103535e+72,
      "c_tip": 3.755222768841414e+72,
      "t_r_h": 0.14877,
      "sweep_le": 0.0510204081632653,
      "sweep_1/4": 0,
      "sweep_m": -0.255,
      "b": 5.5201774701968786e+73,
      "taper": 0.4,
      "StotS": 1.2,
      "diskloading": 120,
      "mission_energy": 3.3330669351226397e+153,
      "wp_hover": 0.06822382182812936,
      "power_hover": 6.626375616546003e+151,
      "power_climb": 8.105504848379019e+60,
      "power_cruise": 3.985263050712625e+60,
      "wp_cruise": 0.06822382182812936,
      "tw": 1.2333333333333332,
      "WP_hover": 0.0,
      "WP_cruise": 0.06689441338963042,
      "TW": 1.2249512670565301,
      "WS": 1767.4453125,
      "ld_climb": 220.449,
      "ld_cr": 35.604322752156946,
      "ducted_bool": 0,
      "tandem_bool": 0,
      "G": 0.045,
      "n_max": 3.0677620390056575,
      "n_ult": 4.601643058508486,
      "A_tot": 55.78,
      "l_cockpit": 2.103,
      "l_cabin": 3.25,
      "l_tail": 3.942,
      "l_fuselage": 9.295,
      "d_fuselage": 1.7,
      "upsweep": 0.1745,
      "h_wings": 0,
      "x_rotor_loc": [
            0.57,
            0.57,
            3.4,
            3.4,
            6.8,
            6.8
      ],
      "y_rotor_loc": [
            2.3,
            -2.3,
            5.4,
            -5.4,
            2.3,
            -2.3
      ],
      "ww": 400,
      "w_eng": 120,
      "takeoff_energy": 5.283056237635074e+80,
      "trans2hor_energy": 1.7264889665474095e+80,
      "climb_energy": 5.998073587800474e+62,
      "cruise_energy": 1.834336831012849e+64,
      "descend_energy": 1.4348306851031048e+62,
      "hor_loiter_energy": 7.479473705933988e+63,
      "trans2ver_energy": 3.3131878082730016e+152,
      "ver_loiter_energy": 1.987912684963801e+153,
      "land_energy": 1.0138354693315385e+153,
      "Vx_cr": 243.5386415938744,
      "Vy_cr": 0.0,
      "Vz_cr": -44414.17200228855,
      "Mx_cr": 107101.53450482027,
      "Mz_cr": -30.47318162041251,
      "T_cr": 15557.50040923899,
      "Vx_vf": 0.0,
      "Vy_vf": 0.0,
      "Vz_vf": -6504.521187161524,
      "Mx_vf": 24550.864965631103,
      "Mz_vf": 0.0,
      "T_vf": 578.3028458404551,
      "thickness_to_chord": 0.17,
      "i_xx": 4.9642701127511575e-05,
      "i_zz": 0.0002190119167390216,
      "i_xz": 0.0,
      "j_y": 0.00026865461786653317,
      "area_enclosed": 0.2179052380944594,
      "area": 0.00724019802976017,
      "max_shear_cr": 66241363.70168735,
      "max_axial_cr": 241795491.1286847,
      "max_shear_vf": 8400622.559570273,
      "max_axial_vf": 55410969.88841483,
      "crit_buck_stress": 2481784.252433136,
      "depda": 0.1,
      "depsda": 0.1,
      "cl_alpha": 4.8866469811700375,
      "diskarea": 1.3453523553510352e+57,
      "rotor_direction": [
            -1.0,
            1.0,
            -1.0,
            1.0,
            -1.0,
            1.0
      ],
      "cd_upsweep": 0.003276899118861381,
      "cd_base": 0.0
}