{
      "name": "J1",
      "mtom": 2117.211178356455,
      "oem": 1607.2111783564553,
      "wing_weight": 234.09913276183664,
      "fuselage_weight": 269.62105238857015,
      "lg_weight": 87.50080740942369,
      "hortail_weight": 32.08187188415473,
      "nacelle_weight": 82.22260741169816,
      "powertrain_weight": 80.461374031116,
      "h2_weight": 445.32837918959444,
      "misc_weight": 229.78584615674725,
      "l_fuse": 9.295,
      "w_fuse": 1.7,
      "eff": 0.9,
      "v_cruise": 83.33,
      "v_max": 104.17,
      "v_stall": 45,
      "loadfactor": 2,
      "h_hover": 30.5,
      "roc": 5,
      "cL_cruise": 0.45778879525748056,
      "mac": 1.2189469028638447,
      "y_mac": 2.0675214775498287,
      "x_lemac": 0.10548578967090964,
      "cLmax": 1.59,
      "cd": 0.03111584732079798,
      "cd0": 0.021182549143323102,
      "clalpha": 4.97,
      "cm": -0.115,
      "e": 0.799480152200161,
      "A": 8.4,
      "A_h": 6,
      "S": 11.082413118855106,
      "S_h": 3.25,
      "c_root": 1.6408900615474833,
      "c_tip": 0.6563560246189933,
      "t_r_h": 0.14877,
      "sweep_le": 0.051020408163265314,
      "sweep_1/4": 0,
      "sweep_m": -0.255,
      "b": 9.6484335618992,
      "taper": 0.4,
      "StotS": 1.2,
      "diskloading": 120,
      "mission_energy": 722944297.2209706,
      "wp_hover": 0.06822382182812936,
      "power_hover": 563229.6182178119,
      "power_climb": 108669.10954597779,
      "power_cruise": 125524.61761361534,
      "wp_cruise": 0.06822382182812936,
      "tw": 1.2333333333333332,
      "WP_hover": 0.05131812915193072,
      "WP_cruise": 0.0645483245820517,
      "TW": 1.2235389311854057,
      "WS": 1873.4920312500003,
      "ld_climb": 220.449,
      "ld_cr": 14.71240010075163,
      "ducted_bool": 0,
      "tandem_bool": 0,
      "G": 0.045,
      "n_max": 2.950718904722318,
      "n_ult": 4.426078357083477,
      "A_tot": 55.78,
      "l_cockpit": 2.103,
      "l_cabin": 3.25,
      "l_tail": 3.942,
      "l_fuselage": 9.295,
      "d_fuselage": 1.7,
      "upsweep": 0.1745,
      "h_wings": 0,
      "x_rotor_loc": [
            0.57,
            0.57,
            3.4,
            3.4,
            6.8,
            6.8
      ],
      "y_rotor_loc": [
            2.3,
            -2.3,
            5.4,
            -5.4,
            2.3,
            -2.3
      ],
      "ww": 400,
      "w_eng": 120,
      "takeoff_energy": 8617413.158732522,
      "trans2hor_energy": 3359493.6388189485,
      "climb_energy": 8041514.106402356,
      "cruise_energy": 577764695.4729521,
      "descend_energy": 2179728.412424922,
      "hor_loiter_energy": 100988563.07996307,
      "trans2ver_energy": 2265755.239205026,
      "ver_loiter_energy": 13064327.226802474,
      "land_energy": 6662806.885669262,
      "Vx_cr": 243.5386415938744,
      "Vy_cr": 0.0,
      "Vz_cr": -44414.17200228855,
      "Mx_cr": 107101.53450482027,
      "Mz_cr": -30.47318162041251,
      "T_cr": 15557.50040923899,
      "Vx_vf": 0.0,
      "Vy_vf": 0.0,
      "Vz_vf": -6504.521187161524,
      "Mx_vf": 24550.864965631103,
      "Mz_vf": 0.0,
      "T_vf": 578.3028458404551,
      "thickness_to_chord": 0.17,
      "i_xx": 4.9642701127511575e-05,
      "i_zz": 0.0002190119167390216,
      "i_xz": 0.0,
      "j_y": 0.00026865461786653317,
      "area_enclosed": 0.2179052380944594,
      "area": 0.00724019802976017,
      "max_shear_cr": 66241363.70168735,
      "max_axial_cr": 241795491.1286847,
      "max_shear_vf": 8400622.559570273,
      "max_axial_vf": 55410969.88841483,
      "crit_buck_stress": 2481784.252433136,
      "depda": 0.1,
      "depsda": 0.1,
      "cl_alpha": 4.8866469811700375,
      "diskarea": 17.64348058476944,
      "rotor_direction": [
            -1.0,
            1.0,
            -1.0,
            1.0,
            -1.0,
            1.0
      ],
      "cd_upsweep": 0.003276899118861381,
      "cd_base": 0.0
}