{
  "name": "J1",
  "mtom": 2666.239658105435,
  "oem": 2191.239658105435,
  "wing_weight": 129.3741987439891,
  "fuselage_weight": 271.45498247487353,
  "lg_weight": 112.84943337081852,
  "hortail_weight": 119.14037053523555,
  "nacelle_weight": 266.6235832034583,
  "powertrain_weight": 48.56344748164453,
  "h2_weight": 973.3612567472425,
  "misc_weight": 269.87238554817316,
  "l_fuse": 9.05,
  "w_fuse": 1.69,
  "eff": 0.9,
  "v_cruise": 83.33,
  "v_max": 104.17,
  "v_stall": 45,
  "loadfactor": 2,
  "h_hover": 30.5,
  "roc": 5,
  "cL_cruise": 0.346,
  "mac": 1.3700349251890183,
  "y_mac": 2.3237900077244507,
  "x_lemac": 0.12261649747400032,
  "cLmax": 1.5,
  "cd": 0.07,
  "cd0": 0.017,
  "clalpha": 4.97,
  "cm": -0.115,
  "e": 0.8,
  "A": 8.4,
  "A_h": 6,
  "S": 14,
  "S_h": 3.25,
  "c_root": 1.8442777839082938,
  "c_tip": 0.7377111135633175,
  "t_r_h": 0.14877,
  "sweep_le": 0.0527657391874541,
  "sweep_1/4": 0.1,
  "sweep_m": -0.255,
  "b": 10.844353369380768,
  "taper": 0.4,
  "StotS": 1.2,
  "diskloading": 45,
  "mission_energy": 934763066.5440756,
  "wp_hover": 0.06822382182812936,
  "power_hover": 350916.1952742013,
  "power_climb": 131424.57364673255,
  "power_cruise": 168638.1559686626,
  "wp_cruise": 0.06822382182812936,
  "tw": 1.2333333333333332,
  "WP_hover": 0.048057715169801465,
  "WP_cruise": 0.07608290452035935,
  "TW": 1.2237037037037035,
  "WS": 1860.46875,
  "ld_climb": 220.449,
  "ld_cr": 13.26,
  "ducted_bool": 0,
  "tandem_bool": 0,
  "G": 0.045,
  "n_max": 4.031659180251925,
  "n_ult": 6.047488770377887,
  "A_tot": 55.78,
  "l_cockpit": 2.103,
  "l_cabin": 3.25,
  "l_tail": 3.942,
  "l_fuselage": 9.295,
  "d_fuselage": 1.7,
  "upsweep": 0.1745,
  "h_wings": 0,
  "x_rotor_loc": [
    0.57,
    0.57,
    3.4,
    3.4,
    6.8,
    6.8
  ],
  "y_rotor_loc": [
    2.3,
    -2.3,
    5.4,
    -5.4,
    2.3,
    -2.3
  ],
  "ww": 400,
  "w_eng": 120,
  "takeoff_energy": 6194180.697889517,
  "trans2hor_energy": 2681364.9263674915,
  "climb_energy": 9725418.44985821,
  "cruise_energy": 776207684.8405092,
  "descend_energy": 44970.1749249767,
  "hor_loiter_energy": 122089724.6762651,
  "trans2ver_energy": 1923219.1323396692,
  "ver_loiter_energy": 10527485.858226039,
  "land_energy": 5369017.78769528,
  "Vx_cr": 668.7430851207065,
  "Vy_cr": 0.0,
  "Vz_cr": -11410.654973840816,
  "Mx_cr": 29762.823583077294,
  "Mz_cr": -292.93314206608113,
  "T_cr": 5970.934511853627,
  "Vx_vf": 0.0,
  "Vy_vf": 0.0,
  "Vz_vf": -7050.856683312572,
  "Mx_vf": 27853.077612714507,
  "Mz_vf": 0.0,
  "T_vf": 1457.8881285574364,
  "thickness_to_chord": 0.17,
  "i_xx": 6.961584059422002e-05,
  "i_zz": 0.0003071287085039117,
  "i_xz": 0.0,
  "j_y": 0.0003767445490981318,
  "area_enclosed": 0.2734878550612938,
  "area": 0.008108330693739008,
  "max_shear_cr": 16138698.069500431,
  "max_axial_cr": 54144561.74750092,
  "max_shear_vf": 8608278.289287133,
  "max_axial_vf": 50176500.1111401,
  "crit_buck_stress": 1980898.6052461362
}