{
      "name": "J1",
      "mtom": 2014.0845183864242,
      "oem": 1504.0845183864242,
      "wing_weight": 234.82821609644068,
      "fuselage_weight": 267.6868219555329,
      "lg_weight": 83.37064356845063,
      "hortail_weight": 30.690179783490148,
      "nacelle_weight": 63.189645806937655,
      "powertrain_weight": 61.836104281003166,
      "h2_weight": 404.922950374662,
      "misc_weight": 220.82500030295927,
      "l_fuse": 9.295,
      "w_fuse": 1.7,
      "eff": 0.9,
      "v_cruise": 83.33,
      "v_max": 104.17,
      "v_stall": 45,
      "loadfactor": 2,
      "h_hover": 30.5,
      "roc": 5,
      "cL_cruise": 0.4318762219410193,
      "mac": 1.2239981157722837,
      "y_mac": 2.0760891117522196,
      "x_lemac": 0.10954637660063087,
      "cLmax": 1.5,
      "cd": 0.03193693244875912,
      "cd0": 0.023096332433206548,
      "clalpha": 4.97,
      "cm": -0.115,
      "e": 0.799480152200161,
      "A": 8.4,
      "A_h": 6,
      "S": 11.174452592426977,
      "S_h": 3.25,
      "c_root": 1.6476897712319203,
      "c_tip": 0.6590759084927682,
      "t_r_h": 0.14877,
      "sweep_le": 0.0527657391874541,
      "sweep_1/4": 0.1,
      "sweep_m": -0.255,
      "b": 9.688415854843692,
      "taper": 0.4,
      "StotS": 1.2,
      "diskloading": 120,
      "mission_energy": 733001207.7806888,
      "wp_hover": 0.06822382182812936,
      "power_hover": 432852.72996702214,
      "power_climb": 101114.71152135673,
      "power_cruise": 129906.95317088252,
      "wp_cruise": 0.06822382182812936,
      "tw": 1.2333333333333332,
      "WP_hover": 0.052530378853118634,
      "WP_cruise": 0.06099769273896931,
      "TW": 1.2249512670565301,
      "WS": 1767.4453125,
      "ld_climb": 220.449,
      "ld_cr": 13.522783461872509,
      "ducted_bool": 0,
      "tandem_bool": 0,
      "G": 0.045,
      "n_max": 3.103032482898425,
      "n_ult": 4.654548724347638,
      "A_tot": 55.78,
      "l_cockpit": 2.103,
      "l_cabin": 3.25,
      "l_tail": 3.942,
      "l_fuselage": 9.295,
      "d_fuselage": 1.7,
      "upsweep": 0.1745,
      "h_wings": 0,
      "x_rotor_loc": [
            0.57,
            0.57,
            3.4,
            3.4,
            6.8,
            6.8
      ],
      "y_rotor_loc": [
            2.3,
            -2.3,
            5.4,
            -5.4,
            2.3,
            -2.3
      ],
      "ww": 400,
      "w_eng": 120,
      "takeoff_energy": 7640479.582013827,
      "trans2hor_energy": 3002462.3098988836,
      "climb_energy": 7482488.652580398,
      "cruise_energy": 597935709.0704485,
      "descend_energy": 1789925.4089670365,
      "hor_loiter_energy": 93305085.89583215,
      "trans2ver_energy": 2236828.1934418823,
      "ver_loiter_energy": 12985581.899010664,
      "land_energy": 6622646.768495439,
      "Vx_cr": 209.09519873771742,
      "Vy_cr": 0.0,
      "Vz_cr": -31775.174819856056,
      "Mx_cr": 64290.91038384651,
      "Mz_cr": 55.912883247134744,
      "T_cr": 8785.284128582594,
      "Vx_vf": 0.0,
      "Vy_vf": 0.0,
      "Vz_vf": -4886.04467256282,
      "Mx_vf": 16552.464637896963,
      "Mz_vf": 0.0,
      "T_vf": 261.93448054927313,
      "thickness_to_chord": 0.17,
      "i_xx": 2.923973112660695e-05,
      "i_zz": 0.00012899881379385418,
      "i_xz": 0.0,
      "j_y": 0.00015823854492046113,
      "area_enclosed": 0.15262271672594943,
      "area": 0.0060632602858685936,
      "max_shear_cr": 55835837.86582429,
      "max_axial_cr": 206685853.03287035,
      "max_shear_vf": 7396433.090189652,
      "max_axial_vf": 53167508.50744335,
      "crit_buck_stress": 3531983.863062337,
      "depda": 0.1,
      "depsda": 0.1,
      "cl_alpha": 4.866549364550132,
      "diskarea": 16.783028059393825,
      "rotor_direction": [
            -1.0,
            1.0,
            -1.0,
            1.0,
            -1.0,
            1.0
      ]
}