{
  "name": "J1",
  "mtom": 2510,
  "oem": 2000,
  "l_fuse": 9.05,
  "w_fuse": 1.69,
  "eff": 0.9,
  "p_max": 1.4e6,
  "v_cruise": 83.33,
  "v_max": 104.17,
  "v_stall": 40,
  "loadfactor": 2,
  "h_hover": 30.5,
  "roc": 5,
  "cL_cruise": 0.427,
  "cLmax": 1.8,
  "cd": 0.07,
  "cd0": 0.017,
  "e": 0.8,
  "A": 8.4,
  "S": 14,
  "c_root": 1.85,
  "c_tip": 0.74,
  "sweep_le": 1.47,
  "b": 10.8,
  "taper": 0.4,
  "StotS": 1.2,
  "diskloading": 50,
  "wp_hover": 0.06822382182812936,
  "wp_cruise": 0.06822382182812936,
  "tw": 1.2333333333333332,
  "ws": 1764.0,
  "WP_hover": 0.07579415053870515,
  "WP_cruise": 0.07579415053870515,
  "TW": 1.2249999999999999,
  "WS": 1764.0,
  "ducted_bool": 0,
  "tandem_bool": 0,
  "G": 0.045
}