{
  "name": "J1",
  "mtom": 2510,
  "oem": 2000,
  "l_fuse": 9.05,
  "w_fuse": 1.69,
  "eff": 0.9,
  "p_max": 1400000.0,
  "v_cruise": 83.33,
  "v_max": 104.17,
  "v_stall": 45,
  "loadfactor": 2,
  "h_hover": 30.5,
  "roc": 5,
  "cL_cruise": 0.346,
  "mac": 1.374,
  "cLmax": 1.5,
  "cd": 0.07,
  "cd0": 0.017,
  "clalpha": 4.97,
  "e": 0.8,
  "A": 8.4,
  "A_h": 6,
  "S": 14,
  "S_h": 3.25,
  "c_root": 1.85,
  "c_tip": 0.74,
  "t_r_h": 0.14877,
  "sweep_le": 1.47,
  "sweep_m": 0.055718,
  "b": 10.8,
  "taper": 0.4,
  "StotS": 1.2,
  "diskloading": 45,
  "wp_hover": 0.06822382182812936,
  "wp_cruise": 0.06822382182812936,
  "tw": 1.2333333333333332,
  "ws": 1764.0,
  "WP_hover": 0.04953085790632022,
  "WP_cruise": 0.0760576620725207,
  "TW": 1.2237037037037035,
  "WS": 1860.46875,
  "ld_climb": 220.449,
  "ld_cr": 13.26,
  "ducted_bool": 0,
  "tandem_bool": 0,
  "G": 0.045,
  "n_max": 4.031659180251925,
  "n_ult": 6.047488770377887,
  "A_tot": 55.78,
  "l_cockpit": 2.103,
  "l_cabin": 3.25,
  "l_tail": 3.942,
  "l_fuselage": 9.295,
  "d_fuselage": 1.7,
  "upsweep": 0.1745,
  "h_wings": 0
}