{
      "name": "J1",
      "mtom": 1927.2167522489876,
      "oem": 1452.2167522489876,
      "wing_weight": 219.94404969802923,
      "fuselage_weight": 265.9950465623746,
      "lg_weight": 79.90076390098949,
      "hortail_weight": 29.514742008551515,
      "nacelle_weight": 60.467886931282564,
      "powertrain_weight": 59.17264631232001,
      "h2_weight": 391.3114708648405,
      "misc_weight": 213.89044122069177,
      "l_fuse": 9.295,
      "w_fuse": 1.7,
      "eff": 0.9,
      "v_cruise": 83.33,
      "v_max": 104.17,
      "v_stall": 45,
      "loadfactor": 2,
      "h_hover": 30.5,
      "roc": 5,
      "cL_cruise": 0.4546065494115993,
      "mac": 1.167029911997918,
      "y_mac": 1.9794622738118532,
      "x_lemac": 0.10444779007136112,
      "cLmax": 1.5,
      "cd": 0.03433297522233452,
      "cd0": 0.024537296534741636,
      "clalpha": 4.97,
      "cm": -0.115,
      "e": 0.799480152200161,
      "A": 8.4,
      "A_h": 6,
      "S": 10.15848009411509,
      "S_h": 3.25,
      "c_root": 1.571001804612582,
      "c_tip": 0.6284007218450328,
      "t_r_h": 0.14877,
      "sweep_le": 0.052765739187454114,
      "sweep_1/4": 0.1,
      "sweep_m": -0.255,
      "b": 9.23749061112198,
      "taper": 0.4,
      "StotS": 1.2,
      "diskloading": 120,
      "mission_energy": 716318095.4565015,
      "wp_hover": 0.06822382182812936,
      "power_hover": 414208.5241862401,
      "power_climb": 98655.40172491208,
      "power_cruise": 126955.96587712248,
      "wp_cruise": 0.06822382182812936,
      "tw": 1.2333333333333332,
      "WP_hover": 0.05652590080526267,
      "WP_cruise": 0.06193051656600674,
      "TW": 1.2237037037037035,
      "WS": 1860.46875,
      "ld_climb": 220.449,
      "ld_cr": 13.241105568848736,
      "ducted_bool": 0,
      "tandem_bool": 0,
      "G": 0.045,
      "n_max": 2.9978808587535037,
      "n_ult": 4.496821288130255,
      "A_tot": 55.78,
      "l_cockpit": 2.103,
      "l_cabin": 3.25,
      "l_tail": 3.942,
      "l_fuselage": 9.295,
      "d_fuselage": 1.7,
      "upsweep": 0.1745,
      "h_wings": 0,
      "x_rotor_loc": [
            0.57,
            0.57,
            3.4,
            3.4,
            6.8,
            6.8
      ],
      "y_rotor_loc": [
            2.3,
            -2.3,
            5.4,
            -5.4,
            2.3,
            -2.3
      ],
      "ww": 400,
      "w_eng": 120,
      "takeoff_energy": 7311382.261542307,
      "trans2hor_energy": 2882617.6169717195,
      "climb_energy": 7300499.727643494,
      "cruise_energy": 584352905.0951198,
      "descend_energy": 1951222.028849435,
      "hor_loiter_energy": 91605676.36404261,
      "trans2ver_energy": 2150146.216695367,
      "ver_loiter_energy": 12426255.725587202,
      "land_energy": 6337390.420049474,
      "Vx_cr": 209.09519873771742,
      "Vy_cr": 0.0,
      "Vz_cr": -31775.174819856056,
      "Mx_cr": 64290.91038384651,
      "Mz_cr": 55.912883247134744,
      "T_cr": 8785.284128582594,
      "Vx_vf": 0.0,
      "Vy_vf": 0.0,
      "Vz_vf": -4886.04467256282,
      "Mx_vf": 16552.464637896963,
      "Mz_vf": 0.0,
      "T_vf": 261.93448054927313,
      "thickness_to_chord": 0.17,
      "i_xx": 2.923973112660695e-05,
      "i_zz": 0.00012899881379385418,
      "i_xz": 0.0,
      "j_y": 0.00015823854492046113,
      "area_enclosed": 0.15262271672594943,
      "area": 0.0060632602858685936,
      "max_shear_cr": 55835837.86582429,
      "max_axial_cr": 206685853.03287035,
      "max_shear_vf": 7396433.090189652,
      "max_axial_vf": 53167508.50744335,
      "crit_buck_stress": 3531983.863062337,
      "depda": 0.1,
      "depsda": 0.1,
      "cl_alpha": 4.866549364550132
}