{
      "name": "J1",
      "mtom": 1501.2330524534975,
      "oem": 1026.2330524534975,
      "wing_weight": 182.04989666674726,
      "fuselage_weight": 256.59723290778794,
      "lg_weight": 62.8613508306612,
      "hortail_weight": 23.64908788753576,
      "nacelle_weight": 28.844115689066477,
      "powertrain_weight": 28.226265915334658,
      "h2_weight": 267.83077931435156,
      "misc_weight": 176.17432324201263,
      "l_fuse": 9.295,
      "w_fuse": 1.7,
      "eff": 0.9,
      "v_cruise": 83.33,
      "v_max": 104.17,
      "v_stall": 45,
      "loadfactor": 2,
      "h_hover": 30.5,
      "roc": 5,
      "cL_cruise": 0.4546065494115993,
      "mac": 1.0300075042714372,
      "y_mac": 1.7470511899373224,
      "x_lemac": 0.09218444743536411,
      "cLmax": 1.5,
      "cd": 0.038871104521684664,
      "cd0": 0.029075425834091784,
      "clalpha": 4.97,
      "cm": -0.115,
      "e": 0.799480152200161,
      "A": 8.4,
      "A_h": 6,
      "S": 7.913079637714777,
      "S_h": 3.25,
      "c_root": 1.3865485634423194,
      "c_tip": 0.5546194253769278,
      "t_r_h": 0.14877,
      "sweep_le": 0.052765739187454114,
      "sweep_1/4": 0.1,
      "sweep_m": -0.255,
      "b": 8.152905553040837,
      "taper": 0.4,
      "StotS": 1.2,
      "diskloading": 45,
      "mission_energy": 586054167.7573787,
      "wp_hover": 0.06822382182812936,
      "power_hover": 197583.8614073426,
      "power_climb": 73890.89597216203,
      "power_cruise": 107656.0939547604,
      "wp_cruise": 0.06822382182812936,
      "tw": 1.2333333333333332,
      "WP_hover": 0.055700735481163534,
      "WP_cruise": 0.055700735481163534,
      "TW": 1.2237037037037035,
      "WS": 1860.46875,
      "ld_climb": 220.449,
      "ld_cr": 11.695231072170644,
      "ducted_bool": 0,
      "tandem_bool": 0,
      "G": 0.045,
      "n_max": 2.9978808587535037,
      "n_ult": 4.496821288130255,
      "A_tot": 55.78,
      "l_cockpit": 2.103,
      "l_cabin": 3.25,
      "l_tail": 3.942,
      "l_fuselage": 9.295,
      "d_fuselage": 1.7,
      "upsweep": 0.1745,
      "h_wings": 0,
      "x_rotor_loc": [
            0.57,
            0.57,
            3.4,
            3.4,
            6.8,
            6.8
      ],
      "y_rotor_loc": [
            2.3,
            -2.3,
            5.4,
            -5.4,
            2.3,
            -2.3
      ],
      "ww": 400,
      "w_eng": 120,
      "takeoff_energy": 3487642.2263370403,
      "trans2hor_energy": 1509206.8414088623,
      "climb_energy": 5467926.30193999,
      "cruise_energy": 495519456.8370707,
      "descend_energy": 1461425.7448803983,
      "hor_loiter_energy": 68610794.58729503,
      "trans2ver_energy": 1047166.2966940263,
      "ver_loiter_energy": 5927515.842220278,
      "land_energy": 3023033.079532342,
      "Vx_cr": 209.09519873771742,
      "Vy_cr": 0.0,
      "Vz_cr": -31775.174819856056,
      "Mx_cr": 64290.91038384651,
      "Mz_cr": 55.912883247134744,
      "T_cr": 8785.284128582594,
      "Vx_vf": 0.0,
      "Vy_vf": 0.0,
      "Vz_vf": -4886.04467256282,
      "Mx_vf": 16552.464637896963,
      "Mz_vf": 0.0,
      "T_vf": 261.93448054927313,
      "thickness_to_chord": 0.17,
      "i_xx": 2.923973112660695e-05,
      "i_zz": 0.00012899881379385418,
      "i_xz": 0.0,
      "j_y": 0.00015823854492046113,
      "area_enclosed": 0.15262271672594943,
      "area": 0.0060632602858685936,
      "max_shear_cr": 55835837.86582429,
      "max_axial_cr": 206685853.03287035,
      "max_shear_vf": 7396433.090189652,
      "max_axial_vf": 53167508.50744335,
      "crit_buck_stress": 3531983.863062337
}