{
      "name": "J1",
      "mtom": 1673.7993990331456,
      "oem": 1198.7993990331456,
      "wing_weight": 197.66887175540947,
      "fuselage_weight": 260.6466140155747,
      "lg_weight": 69.75900648094186,
      "hortail_weight": 26.04361328875951,
      "nacelle_weight": 52.51273547989165,
      "powertrain_weight": 51.387896636363216,
      "h2_weight": 349.2133563662767,
      "misc_weight": 191.5673050099284,
      "l_fuse": 9.295,
      "w_fuse": 1.7,
      "eff": 0.9,
      "v_cruise": 83.33,
      "v_max": 104.17,
      "v_stall": 45,
      "loadfactor": 2,
      "h_hover": 30.5,
      "roc": 5,
      "cL_cruise": 0.4546065494115993,
      "mac": 1.0875567103690766,
      "y_mac": 1.8446634972029345,
      "x_lemac": 0.09733503298202699,
      "cLmax": 1.5,
      "cd": 0.03674819214627648,
      "cd0": 0.0269525134586836,
      "clalpha": 4.97,
      "cm": -0.115,
      "e": 0.799480152200161,
      "A": 8.4,
      "A_h": 6,
      "S": 8.822031083478043,
      "S_h": 3.25,
      "c_root": 1.464018648573757,
      "c_tip": 0.5856074594295028,
      "t_r_h": 0.14877,
      "sweep_le": 0.052765739187454086,
      "sweep_1/4": 0.1,
      "sweep_m": -0.255,
      "b": 8.608429653613694,
      "taper": 0.4,
      "StotS": 1.2,
      "diskloading": 120,
      "mission_energy": 657778636.2011777,
      "wp_hover": 0.06822382182812936,
      "power_hover": 359715.27645454253,
      "power_climb": 85676.30319759992,
      "power_cruise": 118009.64450002568,
      "wp_cruise": 0.06822382182812936,
      "tw": 1.2333333333333332,
      "WP_hover": 0.05844738625639711,
      "WP_cruise": 0.05844738625639711,
      "TW": 1.2237037037037035,
      "WS": 1860.46875,
      "ld_climb": 220.449,
      "ld_cr": 12.370854805646879,
      "ducted_bool": 0,
      "tandem_bool": 0,
      "G": 0.045,
      "n_max": 2.9978808587535037,
      "n_ult": 4.496821288130255,
      "A_tot": 55.78,
      "l_cockpit": 2.103,
      "l_cabin": 3.25,
      "l_tail": 3.942,
      "l_fuselage": 9.295,
      "d_fuselage": 1.7,
      "upsweep": 0.1745,
      "h_wings": 0,
      "x_rotor_loc": [
            0.57,
            0.57,
            3.4,
            3.4,
            6.8,
            6.8
      ],
      "y_rotor_loc": [
            2.3,
            -2.3,
            5.4,
            -5.4,
            2.3,
            -2.3
      ],
      "ww": 400,
      "w_eng": 120,
      "takeoff_energy": 6349497.265036965,
      "trans2hor_energy": 2503380.6222092295,
      "climb_energy": 6340046.436622394,
      "cruise_energy": 543174778.0925578,
      "descend_energy": 1694519.3798478674,
      "hor_loiter_energy": 79554039.26762451,
      "trans2ver_energy": 1867273.1138881668,
      "ver_loiter_energy": 10791458.293636275,
      "land_energy": 5503643.729754501,
      "Vx_cr": 209.09519873771742,
      "Vy_cr": 0.0,
      "Vz_cr": -31775.174819856056,
      "Mx_cr": 64290.91038384651,
      "Mz_cr": 55.912883247134744,
      "T_cr": 8785.284128582594,
      "Vx_vf": 0.0,
      "Vy_vf": 0.0,
      "Vz_vf": -4886.04467256282,
      "Mx_vf": 16552.464637896963,
      "Mz_vf": 0.0,
      "T_vf": 261.93448054927313,
      "thickness_to_chord": 0.17,
      "i_xx": 2.923973112660695e-05,
      "i_zz": 0.00012899881379385418,
      "i_xz": 0.0,
      "j_y": 0.00015823854492046113,
      "area_enclosed": 0.15262271672594943,
      "area": 0.0060632602858685936,
      "max_shear_cr": 55835837.86582429,
      "max_axial_cr": 206685853.03287035,
      "max_shear_vf": 7396433.090189652,
      "max_axial_vf": 53167508.50744335,
      "crit_buck_stress": 3531983.863062337
}