{
  "name": "J1",
  "mtom": 1489.6085486516995,
  "oem": 1014.6085486516995,
  "wing_weight": 180.98240080203743,
  "fuselage_weight": 249.62666594149536,
  "lg_weight": 62.396646440110445,
  "hortail_weight": 23.4866831006924,
  "nacelle_weight": 28.620898495628513,
  "powertrain_weight": 28.007830102402355,
  "h2_weight": 266.3571370072142,
  "misc_weight": 175.13028676211863,
  "l_fuse": 9.05,
  "w_fuse": 1.69,
  "eff": 0.9,
  "v_cruise": 83.33,
  "v_max": 104.17,
  "v_stall": 45,
  "loadfactor": 2,
  "h_hover": 30.5,
  "roc": 5,
  "cL_cruise": 0.4546065494115993,
  "mac": 1.026014282043109,
  "y_mac": 1.7402780706961962,
  "x_lemac": 0.09182705879200133,
  "cLmax": 1.5,
  "cd": 0.03903232206097492,
  "cd0": 0.029236643373382037,
  "clalpha": 4.97,
  "cm": -0.115,
  "e": 0.799480152200161,
  "A": 8.4,
  "A_h": 6,
  "S": 7.85184234941575,
  "S_h": 3.25,
  "c_root": 1.3811730719811084,
  "c_tip": 0.5524692287924434,
  "t_r_h": 0.14877,
  "sweep_le": 0.05276573918745412,
  "sweep_1/4": 0.1,
  "sweep_m": -0.255,
  "b": 8.121297663248916,
  "taper": 0.4,
  "StotS": 1.2,
  "diskloading": 45,
  "mission_energy": 583558103.1695963,
  "wp_hover": 0.06822382182812936,
  "power_hover": 196054.8107168165,
  "power_climb": 73319.07333085376,
  "power_cruise": 107266.01839468894,
  "wp_cruise": 0.06822382182812936,
  "tw": 1.2333333333333332,
  "WP_hover": 0.05550267245252591,
  "WP_cruise": 0.05550267245252591,
  "TW": 1.2237037037037035,
  "WS": 1860.46875,
  "ld_climb": 220.449,
  "ld_cr": 11.646925558295736,
  "ducted_bool": 0,
  "tandem_bool": 0,
  "G": 0.045,
  "n_max": 2.9978808587535037,
  "n_ult": 4.496821288130255,
  "A_tot": 55.78,
  "l_cockpit": 2.103,
  "l_cabin": 3.25,
  "l_tail": 3.942,
  "l_fuselage": 9.295,
  "d_fuselage": 1.7,
  "upsweep": 0.1745,
  "h_wings": 0,
  "x_rotor_loc": [
    0.57,
    0.57,
    3.4,
    3.4,
    6.8,
    6.8
  ],
  "y_rotor_loc": [
    2.3,
    -2.3,
    5.4,
    -5.4,
    2.3,
    -2.3
  ],
  "ww": 400,
  "w_eng": 120,
  "takeoff_energy": 3460652.2600690234,
  "trans2hor_energy": 1497527.4777879366,
  "climb_energy": 5425611.4264831785,
  "cruise_energy": 493724017.0941682,
  "descend_energy": 1450116.1468775773,
  "hor_loiter_energy": 68079833.29271354,
  "trans2ver_energy": 1039062.5460250652,
  "ver_loiter_energy": 5881644.321504494,
  "land_energy": 2999638.6039672922,
  "Vx_cr": 668.7430851207065,
  "Vy_cr": 0.0,
  "Vz_cr": -11410.654973840816,
  "Mx_cr": 29762.823583077294,
  "Mz_cr": -292.93314206608113,
  "T_cr": 5970.934511853627,
  "Vx_vf": 0.0,
  "Vy_vf": 0.0,
  "Vz_vf": -7050.856683312572,
  "Mx_vf": 27853.077612714507,
  "Mz_vf": 0.0,
  "T_vf": 1457.8881285574364,
  "thickness_to_chord": 0.17,
  "i_xx": 2.923973112660695e-05,
  "i_zz": 0.00012899881379385418,
  "i_xz": 0.0,
  "j_y": 0.00015823854492046113,
  "area_enclosed": 0.15262271672594943,
  "area": 0.0060632602858685936,
  "max_shear_cr": 23135603.499779053,
  "max_axial_cr": 96540892.02662314,
  "max_shear_vf": 11852768.941238347,
  "max_axial_vf": 89465754.69746049,
  "crit_buck_stress": 3531983.863062337
}