{
      "name": "L1",
      "mtom": 3282.1866367824255,
      "oem": 2807.1866367824255,
      "wing1_weight": 47.47189161856841,
      "wing2_weight": 176.47514373409885,
      "fuselage_weight": 271.8151226405002,
      "lg_weight": 137.48417787645212,
      "nacelle_weight": 328.2104444158961,
      "powertrain_weight": 198.81003674521736,
      "h2_weight": 1324.5635185988879,
      "misc_weight": 322.35630115280475,
      "l_fuse": 10,
      "w_fuse": 1.7,
      "eff": 0.6,
      "diskloading": 1200,
      "v_cruise": 83.33,
      "v_max": 104.17,
      "v_stall": 45,
      "loadfactor": 2,
      "h_hover": 30.5,
      "roc": 5,
      "cL_cruise": 0.416,
      "mac1": 0.884,
      "mac2": 1.047,
      "cLmax": 1.5,
      "cd": 0.07,
      "cd0": 0.017,
      "clalpha": 5.17,
      "e": 0.75,
      "b1": 4.82,
      "b2": 10.15,
      "A1": 5.8,
      "A2": 10.3,
      "S1": 4,
      "S2": 10,
      "S": 14,
      "c_root1": 1.19,
      "c_root2": 1.41,
      "c_tip1": 0.476,
      "c_tip2": 0.564,
      "sweep_le1": 1.69,
      "sweep_le2": 1.68,
      "sweep_m": -0.209,
      "taper1": 0.4,
      "taper2": 0.4,
      "StotS": 1.2,
      "mission_energy": 1148056670.7162714,
      "WP_hover": 0.00903927246340794,
      "power_hover": 1206277.7516561307,
      "power_climb": 166392.54565965265,
      "power_cruise": 224037.16905689533,
      "WP_cruise": 0.050870607832346856,
      "TW": 1.2237037037037035,
      "WS": 1860.46875,
      "ld_climb": 251.9211,
      "ld_cr": 13.59,
      "ducted_bool": 1,
      "tandem_bool": 1,
      "G": 0.045,
      "n_max": 4.199523015039315,
      "n_ult": 6.299284522558972,
      "A_tot": 2.09,
      "l_cockpit": 2.103,
      "l_cabin": 3.25,
      "l_tail": 3.942,
      "l_fuselage": 9.295,
      "d_fuselage": 1.7,
      "upsweep": 0.1745,
      "h_wings": 0,
      "x_rotor_loc": [
            0.9,
            0.9,
            0.9,
            0.9,
            0.9,
            0.9,
            0.9,
            0.9,
            0.9,
            0.9,
            0.9,
            0.9,
            6.9,
            6.9,
            6.9,
            6.9,
            6.9,
            6.9,
            6.9,
            6.9,
            6.9,
            6.9,
            6.9,
            6.9,
            6.9,
            6.9,
            6.9,
            6.9,
            6.9,
            6.9,
            6.9,
            6.9,
            6.9,
            6.9,
            6.9,
            6.9
      ],
      "y_rotor_loc": [
            1.91,
            1.64,
            1.37,
            1.1,
            0.82,
            0.55,
            -1.91,
            -1.64,
            -1.37,
            -1.1,
            -0.82,
            -0.55,
            4.16,
            3.89,
            3.62,
            3.35,
            3.07,
            2.8,
            2.53,
            2.26,
            1.99,
            1.71,
            1.44,
            1.17,
            -4.16,
            -3.89,
            -3.62,
            -3.35,
            -3.07,
            -2.8,
            -2.53,
            -2.26,
            -1.99,
            -1.71,
            -1.44,
            -1.17
      ]
}