{
      "name": "L1",
      "mtom": 4347.2012484337465,
      "oem": 3872.201248433747,
      "wing1_weight": 138.97198193120616,
      "wing2_weight": 516.6238801696871,
      "fuselage_weight": 281.94076491092795,
      "lg_weight": 176.62685296139273,
      "nacelle_weight": 304.8642120823265,
      "powertrain_weight": 298.333927483399,
      "h2_weight": 1386.3731159338588,
      "misc_weight": 416.4482176487898,
      "l_fuse": 9.295,
      "w_fuse": 1.7,
      "eff": 0.6,
      "diskloading": 1200,
      "v_cruise": 83.33,
      "v_max": 104.17,
      "v_stall": 45,
      "loadfactor": 2,
      "h_hover": 30.5,
      "roc": 5,
      "cL_cruise": 0.4546065494115993,
      "mac1": 1.1272538312794735,
      "y_mac1": 1.320187660094614,
      "x_lemac1": 0.0998549768031765,
      "mac2": 1.3374803581610757,
      "y_mac2": 2.781701937213853,
      "x_lemac2": 0.12059848322423544,
      "cLmax": 1.5,
      "cd": 0.027113086326038593,
      "cd0": 0.016649005873274655,
      "clalpha": 5.17,
      "cm": 0.548,
      "e": 0.780952380952381,
      "b1": 6.160875747108198,
      "b2": 12.98127570699798,
      "A1": 5.8,
      "A2": 10.3,
      "S1": 6.544205167466552,
      "S2": 16.360535823407368,
      "S": 22.90474099087392,
      "S1/S": 0.285714,
      "S2/S": 0.714286,
      "c_root1": 1.517457080568522,
      "c_root2": 1.8004543282937557,
      "c_tip1": 0.6069828322274088,
      "c_tip2": 0.7201817313175023,
      "sweep_le1": 0.07563695663995236,
      "sweep1_1/4": 0.1,
      "sweep2_1/4": 0.1,
      "sweep_le2": 0.043354207584521666,
      "sweep_m": -0.209,
      "taper1": 0.4,
      "taper2": 0.4,
      "StotS": 1.2,
      "mission_energy": 1898101312.0710897,
      "WP_hover": 0.006870000890206457,
      "power_hover": 2089215.9952021448,
      "power_climb": 294355.1673447966,
      "power_cruise": 314498.67923778424,
      "WP_cruise": 0.05242833943247453,
      "TW": 1.2237037037037035,
      "WS": 1860.46875,
      "ld_climb": 251.9211,
      "ld_cr": 16.767052778311292,
      "ducted_bool": 1,
      "tandem_bool": 1,
      "G": 0.045,
      "n_max": 3.078278478824067,
      "n_ult": 4.6174177182361005,
      "A_tot": 2.09,
      "l_cockpit": 2.103,
      "l_cabin": 3.25,
      "l_tail": 3.942,
      "l_fuselage": 9.295,
      "d_fuselage": 1.7,
      "upsweep": 0.1745,
      "h_wings": 0,
      "x_rotor_loc": [
            0.9,
            0.9,
            0.9,
            0.9,
            0.9,
            0.9,
            0.9,
            0.9,
            0.9,
            0.9,
            0.9,
            0.9,
            6.9,
            6.9,
            6.9,
            6.9,
            6.9,
            6.9,
            6.9,
            6.9,
            6.9,
            6.9,
            6.9,
            6.9,
            6.9,
            6.9,
            6.9,
            6.9,
            6.9,
            6.9,
            6.9,
            6.9,
            6.9,
            6.9,
            6.9,
            6.9
      ],
      "y_rotor_loc": [
            1.91,
            1.64,
            1.37,
            1.1,
            0.82,
            0.55,
            -1.91,
            -1.64,
            -1.37,
            -1.1,
            -0.82,
            -0.55,
            4.16,
            3.89,
            3.62,
            3.35,
            3.07,
            2.8,
            2.53,
            2.26,
            1.99,
            1.71,
            1.44,
            1.17,
            -4.16,
            -3.89,
            -3.62,
            -3.35,
            -3.07,
            -2.8,
            -2.53,
            -2.26,
            -1.99,
            -1.71,
            -1.44,
            -1.17
      ],
      "takeoff_energy": 36877697.76795639,
      "trans2hor_energy": 13523311.055010386,
      "climb_energy": 21782282.38351495,
      "cruise_energy": 1447574484.5189223,
      "descend_energy": 4220232.311324099,
      "hor_loiter_energy": 268864648.9765862,
      "trans2ver_energy": 10617170.475118458,
      "ver_loiter_energy": 62676479.85606434,
      "land_energy": 31965004.726592816,
      "Vx_cr": 248.97893347995856,
      "Vy_cr": 0.0,
      "Vz_cr": -50197.312240342006,
      "Mx_cr": 141944.49318217914,
      "Mz_cr": -782.0864241465131,
      "T_cr": -74568.70871558024,
      "Vx_vf": 0.0,
      "Vy_vf": 0.0,
      "Vz_vf": -10188.291398598747,
      "Mx_vf": 26906.671086085,
      "Mz_vf": 0.0,
      "T_vf": 0.0,
      "thickness_to_chord": 0.17,
      "i_xx": 4.263346668145125e-05,
      "i_zz": 0.0001880888235946378,
      "i_xz": 0.0,
      "j_y": 0.00023072229027608902,
      "area_enclosed": 0.19670808171832374,
      "area": 0.006880232617668375,
      "max_shear_cr": 129806903.87528937,
      "max_axial_cr": 356536215.0677191,
      "max_shear_vf": 13523019.119743586,
      "max_axial_vf": 67213848.29346538,
      "crit_buck_stress": 2746843.154431918,
      "depda": 0.1,
      "depsda": 0.1,
      "cl_alpha1": 4.403170835162595,
      "cl_alpha2": 5.074769759678473,
      "alpha": 4.520400845303174,
      "diskarea": 3.622667707028122,
      "rotor_direction": [
            -1.0,
            -1.0,
            -1.0,
            -1.0,
            -1.0,
            -1.0,
            1.0,
            1.0,
            1.0,
            1.0,
            1.0,
            1.0,
            -1.0,
            -1.0,
            -1.0,
            -1.0,
            -1.0,
            -1.0,
            -1.0,
            -1.0,
            -1.0,
            -1.0,
            -1.0,
            -1.0,
            1.0,
            1.0,
            1.0,
            1.0,
            1.0,
            1.0,
            1.0,
            1.0,
            1.0,
            1.0,
            1.0,
            1.0
      ]
}