{
  "name": "L1",
  "mtom": 2510,
  "oem": 2000,
  "l_fuse": 10,
  "w_fuse": 1.7,
  "eff": 0.6,
  "diskloading": 1200,
  "p_max": 1400000.0,
  "v_cruise": 83.33,
  "v_max": 104.17,
  "v_stall": 40,
  "loadfactor": 2,
  "h_hover": 30.5,
  "roc": 5,
  "cL_cruise": 0.427,
  "mac1":0.884,
  "mac2":1.047,
  "cLmax": 1.5,
  "cd": 0.07,
  "cd0": 0.017,
  "clalpha": 3.8,
  "e": 0.75,
  "b1": 4.82,
  "b2": 10.15,
  "A1": 5.8,
  "A2": 10.3,
  "S1": 4,
  "S2": 10,
  "S": 14,
  "c_root1": 1.19,
  "c_root2": 1.41,
  "c_tip1": 0.476,
  "c_tip2": 0.564,
  "sweep_le1": 1.69,
  "sweep_le2": 1.68,
  "taper1": 0.4,
  "taper2": 0.4,
  "StotS": 1.2,
  "WP_hover": 0.00897001980366541,
  "WP_cruise": 0.04899942538138866,
  "TW": 1.2299999999999998,
  "WS": 1470.0,
  "ducted_bool": 1,
  "tandem_bool": 1,
  "G": 0.045,
  "n_max": 2.67042869908988,
  "n_ult": 4.00564304863482,
  "A_tot": 2.09
}