{
      "name": "L1",
      "mtom": 4583.8753405408115,
      "oem": 4073.8753405408115,
      "wing1_weight": 149.31996209260296,
      "wing2_weight": 555.0921641259895,
      "fuselage_weight": 287.9361070675577,
      "lg_weight": 185.9351482517416,
      "nacelle_weight": 321.1906104069293,
      "powertrain_weight": 314.31060936602626,
      "h2_weight": 1455.0257889815175,
      "misc_weight": 434.71264656291834,
      "l_fuse": 9.295,
      "w_fuse": 1.7,
      "eff": 0.6,
      "diskloading": 1200,
      "v_cruise": 83.33,
      "v_max": 104.17,
      "v_stall": 45,
      "loadfactor": 2,
      "h_hover": 30.5,
      "roc": 5,
      "cL_cruise": 0.4318762219410193,
      "mac1": 1.1871022139624072,
      "y_mac1": 1.3902793236598192,
      "x_lemac1": 0.10515649692108006,
      "mac2": 1.408490129061811,
      "y_mac2": 2.929388604962209,
      "x_lemac2": 0.12700132167526396,
      "cLmax": 1.5,
      "cd": 0.025373445701014408,
      "cd0": 0.015929613092394955,
      "clalpha": 5.17,
      "cm": 0.548,
      "e": 0.780952380952381,
      "b1": 6.487970177079156,
      "b2": 13.670480156490308,
      "A1": 5.8,
      "A2": 10.3,
      "S1": 7.257544313563541,
      "S2": 18.143886185339348,
      "S": 25.40143049890289,
      "S1/S": 0.285714,
      "S2/S": 0.714286,
      "c_root1": 1.5980222111032407,
      "c_root2": 1.896044404506284,
      "c_tip1": 0.6392088844412963,
      "c_tip2": 0.7584177618025136,
      "sweep_le1": 0.07563695663995237,
      "sweep1_1/4": 0.1,
      "sweep2_1/4": 0.1,
      "sweep_le2": 0.043354207584521666,
      "sweep_m": -0.209,
      "taper1": 0.4,
      "taper2": 0.4,
      "StotS": 1.2,
      "mission_energy": 1967716189.205165,
      "WP_hover": 0.00635846377029135,
      "power_hover": 2200174.2655621837,
      "power_climb": 304080.6205893527,
      "power_cruise": 326264.2209638544,
      "WP_cruise": 0.05094295872890316,
      "TW": 1.2249512670565301,
      "WS": 1767.4453125,
      "ld_climb": 251.9211,
      "ld_cr": 17.02079516633223,
      "ducted_bool": 1,
      "tandem_bool": 1,
      "G": 0.045,
      "n_max": 3.1876615566569133,
      "n_ult": 4.78149233498537,
      "A_tot": 2.09,
      "l_cockpit": 2.103,
      "l_cabin": 3.25,
      "l_tail": 3.942,
      "l_fuselage": 9.295,
      "d_fuselage": 1.7,
      "upsweep": 0.1745,
      "h_wings": 0,
      "x_rotor_loc": [
            0.9,
            0.9,
            0.9,
            0.9,
            0.9,
            0.9,
            0.9,
            0.9,
            0.9,
            0.9,
            0.9,
            0.9,
            6.9,
            6.9,
            6.9,
            6.9,
            6.9,
            6.9,
            6.9,
            6.9,
            6.9,
            6.9,
            6.9,
            6.9,
            6.9,
            6.9,
            6.9,
            6.9,
            6.9,
            6.9,
            6.9,
            6.9,
            6.9,
            6.9,
            6.9,
            6.9
      ],
      "y_rotor_loc": [
            1.91,
            1.64,
            1.37,
            1.1,
            0.82,
            0.55,
            -1.91,
            -1.64,
            -1.37,
            -1.1,
            -0.82,
            -0.55,
            4.16,
            3.89,
            3.62,
            3.35,
            3.07,
            2.8,
            2.53,
            2.26,
            1.99,
            1.71,
            1.44,
            1.17,
            -4.16,
            -3.89,
            -3.62,
            -3.35,
            -3.07,
            -2.8,
            -2.53,
            -2.26,
            -1.99,
            -1.71,
            -1.44,
            -1.17
      ],
      "takeoff_energy": 38836272.45271357,
      "trans2hor_energy": 14211995.407755118,
      "climb_energy": 22501965.9236121,
      "cruise_energy": 1501728918.618548,
      "descend_energy": 3701553.119724739,
      "hor_loiter_energy": 275916655.1607205,
      "trans2ver_energy": 11150934.292124083,
      "ver_loiter_energy": 66005227.96686551,
      "land_energy": 33662666.263101414,
      "Vx_cr": 248.97893347995856,
      "Vy_cr": 0.0,
      "Vz_cr": -50197.312240342006,
      "Mx_cr": 141944.49318217914,
      "Mz_cr": -782.0864241465131,
      "T_cr": -74568.70871558024,
      "Vx_vf": 0.0,
      "Vy_vf": 0.0,
      "Vz_vf": -10188.291398598747,
      "Mx_vf": 26906.671086085,
      "Mz_vf": 0.0,
      "T_vf": 0.0,
      "thickness_to_chord": 0.17,
      "i_xx": 4.263346668145125e-05,
      "i_zz": 0.0001880888235946378,
      "i_xz": 0.0,
      "j_y": 0.00023072229027608902,
      "area_enclosed": 0.19670808171832374,
      "area": 0.006880232617668375,
      "max_shear_cr": 129806903.87528937,
      "max_axial_cr": 356536215.0677191,
      "max_shear_vf": 13523019.119743586,
      "max_axial_vf": 67213848.29346538,
      "crit_buck_stress": 2746843.154431918,
      "depda": 0.1,
      "depsda": 0.1,
      "cl_alpha1": 4.403170835162595,
      "cl_alpha2": 5.074769759678473,
      "alpha": 4.520400845303174,
      "diskarea": 3.815067604302561,
      "rotor_direction": [
            -1.0,
            -1.0,
            -1.0,
            -1.0,
            -1.0,
            -1.0,
            1.0,
            1.0,
            1.0,
            1.0,
            1.0,
            1.0,
            -1.0,
            -1.0,
            -1.0,
            -1.0,
            -1.0,
            -1.0,
            -1.0,
            -1.0,
            -1.0,
            -1.0,
            -1.0,
            -1.0,
            1.0,
            1.0,
            1.0,
            1.0,
            1.0,
            1.0,
            1.0,
            1.0,
            1.0,
            1.0,
            1.0,
            1.0
      ]
}