{
      "name": "L1",
      "mtom": 27293.410598771767,
      "oem": 26783.410598771767,
      "wing1_weight": 569.5015362806193,
      "wing2_weight": 2117.1036733255705,
      "fuselage_weight": 662.9011718132259,
      "lg_weight": 1081.6778390779114,
      "nacelle_weight": 3263.9047744212858,
      "powertrain_weight": 3193.9909366008806,
      "h2_weight": 11318.312142382008,
      "misc_weight": 2141.1630158910125,
      "l_fuse": 9.295,
      "w_fuse": 1.7,
      "eff": 0.6,
      "diskloading": 1200,
      "v_cruise": 83.33,
      "v_max": 104.17,
      "v_stall": 45,
      "loadfactor": 2,
      "h_hover": 30.5,
      "roc": 5,
      "cL_cruise": 0.4318762219410193,
      "mac1": 2.8813796133093654,
      "y_mac1": 3.374538816356546,
      "x_lemac1": 0.24935015884407974,
      "mac2": 3.4187407753876036,
      "y_mac2": 7.110323362657102,
      "x_lemac2": 0.2958525671008503,
      "cLmax": 1.5,
      "cd": 0.017928791741834114,
      "cd0": 0.008484959133214662,
      "clalpha": 5.17,
      "cm": 0.548,
      "e": 0.780952380952381,
      "b1": 15.747847809663881,
      "b2": 33.18150902573314,
      "A1": 5.8,
      "A2": 10.3,
      "S1": 42.75770873040267,
      "S2": 106.89442147813688,
      "S": 149.65213020853955,
      "S1/S": 0.285714,
      "S2/S": 0.714286,
      "c_root1": 3.878780248685685,
      "c_root2": 4.602151043791005,
      "c_tip1": 1.551512099474274,
      "c_tip2": 1.840860417516402,
      "sweep_le1": 0.07389162561576354,
      "sweep1_1/4": 0,
      "sweep2_1/4": 0,
      "sweep_le2": 0.04160887656033287,
      "sweep_m": -0.209,
      "taper1": 0.4,
      "taper2": 0.4,
      "StotS": 1.2,
      "mission_energy": 9379146527.124908,
      "WP_hover": 0.0026196292860014045,
      "power_hover": 22357936.556206163,
      "power_climb": 1791486.216821402,
      "power_cruise": 1358206.338983276,
      "WP_cruise": 0.05993813111682422,
      "TW": 1.2249512670565301,
      "WS": 1767.4453125,
      "ld_climb": 251.9211,
      "ld_cr": 24.088417566550326,
      "ducted_bool": 1,
      "tandem_bool": 1,
      "G": 0.045,
      "n_max": 3.156695438143349,
      "n_ult": 4.735043157215024,
      "A_tot": 2.09,
      "l_cockpit": 2.103,
      "l_cabin": 3.25,
      "l_tail": 3.942,
      "l_fuselage": 9.295,
      "d_fuselage": 1.7,
      "upsweep": 0.1745,
      "h_wings": 0,
      "x_rotor_loc": [
            0.9,
            0.9,
            0.9,
            0.9,
            0.9,
            0.9,
            0.9,
            0.9,
            0.9,
            0.9,
            0.9,
            0.9,
            6.9,
            6.9,
            6.9,
            6.9,
            6.9,
            6.9,
            6.9,
            6.9,
            6.9,
            6.9,
            6.9,
            6.9,
            6.9,
            6.9,
            6.9,
            6.9,
            6.9,
            6.9,
            6.9,
            6.9,
            6.9,
            6.9,
            6.9,
            6.9
      ],
      "y_rotor_loc": [
            1.91,
            1.64,
            1.37,
            1.1,
            0.82,
            0.55,
            -1.91,
            -1.64,
            -1.37,
            -1.1,
            -0.82,
            -0.55,
            4.16,
            3.89,
            3.62,
            3.35,
            3.07,
            2.8,
            2.53,
            2.26,
            1.99,
            1.71,
            1.44,
            1.17,
            -4.16,
            -3.89,
            -3.62,
            -3.35,
            -3.07,
            -2.8,
            -2.53,
            -2.26,
            -1.99,
            -1.71,
            -1.44,
            -1.17
      ],
      "takeoff_energy": 342076429.3099543,
      "trans2hor_energy": 120747113.86513783,
      "climb_energy": 132569980.04478376,
      "cruise_energy": 6251551980.406022,
      "descend_energy": 21807642.26923353,
      "hor_loiter_energy": 1625558655.3127496,
      "trans2ver_energy": 88751949.70009366,
      "ver_loiter_energy": 527207136.5675051,
      "land_energy": 268875639.6494276,
      "Vx_cr": 314.1159785245234,
      "Vy_cr": 0.0,
      "Vz_cr": -72751.05945360691,
      "Mx_cr": 250192.3972495158,
      "Mz_cr": -1546.810974748867,
      "T_cr": -137008.77090210075,
      "Vx_vf": 0.0,
      "Vy_vf": 0.0,
      "Vz_vf": -14333.120878444777,
      "Mx_vf": 36715.6474746863,
      "Mz_vf": 0.0,
      "T_vf": 0.0,
      "thickness_to_chord": 0.17,
      "i_xx": 7.564401628081866e-05,
      "i_zz": 0.0003337236012389058,
      "i_xz": 0.0,
      "j_y": 0.00040936761751972443,
      "area_enclosed": 0.2891732596777927,
      "area": 0.008336932090299731,
      "max_shear_cr": 158510539.0763408,
      "max_axial_cr": 429075482.26422614,
      "max_shear_vf": 15671753.195464168,
      "max_axial_vf": 62579779.518532164,
      "crit_buck_stress": 1874208.5190218207,
      "depda": 0.1,
      "depsda": 0.1,
      "cl_alpha1": 4.419170299946589,
      "cl_alpha2": 5.096819195488457,
      "alpha": 4.539146759360741,
      "diskarea": 22.476411078428317,
      "rotor_direction": [
            -1.0,
            -1.0,
            -1.0,
            -1.0,
            -1.0,
            -1.0,
            1.0,
            1.0,
            1.0,
            1.0,
            1.0,
            1.0,
            -1.0,
            -1.0,
            -1.0,
            -1.0,
            -1.0,
            -1.0,
            -1.0,
            -1.0,
            -1.0,
            -1.0,
            -1.0,
            -1.0,
            1.0,
            1.0,
            1.0,
            1.0,
            1.0,
            1.0,
            1.0,
            1.0,
            1.0,
            1.0,
            1.0,
            1.0
      ],
      "cd_upsweep": 0.003276899118861381,
      "cd_base": 0.0
}