{
  "name": "L1",
  "mtom": 2510,
  "oem": 2000,
  "l_fuse": 10,
  "w_fuse": 1.7,
  "eff": 0.8,
  "diskloading": 1200,
  "p_max": 1.4e6,
  "v_cruise": 83.33,
  "v_max": 104.17,
  "v_stall": 40,
  "loadfactor": 2,
  "h_hover": 30.5,
  "roc": 5,
  "cL_cruise": 0.427,
  "cLmax": 1.8,
  "cd": 0.07,
  "cd0": 0.017,
  "e": 0.75,
  "b1": 5.4,
  "b2": 8.5,
  "A1": 5.8,
  "A2": 10.29,
  "S1": 4,
  "S2": 10,
  "S": 14,
  "c_root1": 1.06,
  "c_root2": 1.67,
  "c_tip1": 0.424,
  "c_tip2": 0.668,
  "sweep_le1": 1.69,
  "sweep_le2": 1.68,
  "taper1": 0.4,
  "taper2": 0.4,
  "StotS": 1.2,
  "WP_hover": 0.041731242476584086,
  "WP_cruise": 0.0675330794391618,
  "TW": 1.2249999999999999,
  "WS": 1764.0,
  "ducted_bool": 1,
  "tandem_bool": 1,
  "G": 0.045
}