{
  "name": "L1",
  "mtom": 3286.304610408699,
  "oem": 2811.304610408699,
  "wing1_weight": 112.52973490020261,
  "wing2_weight": 418.3256759437105,
  "fuselage_weight": 270.35798180755785,
  "lg_weight": 134.3356758825792,
  "nacelle_weight": 230.68708500719936,
  "powertrain_weight": 225.74569714109197,
  "h2_weight": 1089.7692240375236,
  "misc_weight": 329.5535356888336,
  "l_fuse": 9.295,
  "w_fuse": 1.7,
  "eff": 0.6,
  "diskloading": 1200,
  "v_cruise": 83.33,
  "v_max": 104.17,
  "v_stall": 45,
  "loadfactor": 2,
  "h_hover": 30.5,
  "roc": 5,
  "cL_cruise": 0.4546065494115993,
  "mac1": 0.9805734674744262,
  "y_mac1": 1.1484023878690874,
  "x_lemac1": 0.08686166161647191,
  "mac2": 1.1634449279204016,
  "y_mac2": 2.41974171066522,
  "x_lemac2": 0.10490598442510553,
  "cLmax": 1.5,
  "cd": 0.029471135095984462,
  "cd0": 0.019007054643220524,
  "clalpha": 5.17,
  "cm": 0.548,
  "e": 0.780952380952381,
  "b1": 5.359211143389075,
  "b2": 11.29212798310436,
  "A1": 5.8,
  "A2": 10.3,
  "S1": 4.95192139300442,
  "S2": 12.379820814253256,
  "S": 17.331742207257676,
  "S1/S": 0.285714,
  "S2/S": 0.714286,
  "c_root1": 1.320002744677112,
  "c_root2": 1.566175864508233,
  "c_tip1": 0.5280010978708448,
  "c_tip2": 0.6264703458032933,
  "sweep_le1": 0.07563695663995235,
  "sweep1_1/4": 0.1,
  "sweep2_1/4": 0.1,
  "sweep_le2": 0.04335420758452167,
  "sweep_m": -0.209,
  "taper1": 0.4,
  "taper2": 0.4,
  "StotS": 1.2,
  "mission_energy": 1530840959.9478526,
  "WP_hover": 0.007897658952903083,
  "power_hover": 1580219.8799876438,
  "power_climb": 222606.40548887965,
  "power_cruise": 258565.69895035616,
  "WP_cruise": 0.04884130932849049,
  "TW": 1.2237037037037035,
  "WS": 1860.46875,
  "ld_climb": 251.9211,
  "ld_cr": 15.42548490008927,
  "ducted_bool": 1,
  "tandem_bool": 1,
  "G": 0.045,
  "n_max": 3.078278478824067,
  "n_ult": 4.6174177182361005,
  "A_tot": 2.09,
  "l_cockpit": 2.103,
  "l_cabin": 3.25,
  "l_tail": 3.942,
  "l_fuselage": 9.295,
  "d_fuselage": 1.7,
  "upsweep": 0.1745,
  "h_wings": 0,
  "x_rotor_loc": [
    0.9,
    0.9,
    0.9,
    0.9,
    0.9,
    0.9,
    0.9,
    0.9,
    0.9,
    0.9,
    0.9,
    0.9,
    6.9,
    6.9,
    6.9,
    6.9,
    6.9,
    6.9,
    6.9,
    6.9,
    6.9,
    6.9,
    6.9,
    6.9,
    6.9,
    6.9,
    6.9,
    6.9,
    6.9,
    6.9,
    6.9,
    6.9,
    6.9,
    6.9,
    6.9,
    6.9
  ],
  "y_rotor_loc": [
    1.91,
    1.64,
    1.37,
    1.1,
    0.82,
    0.55,
    -1.91,
    -1.64,
    -1.37,
    -1.1,
    -0.82,
    -0.55,
    4.16,
    3.89,
    3.62,
    3.35,
    3.07,
    2.8,
    2.53,
    2.26,
    1.99,
    1.71,
    1.44,
    1.17,
    -4.16,
    -3.89,
    -3.62,
    -3.35,
    -3.07,
    -2.8,
    -2.53,
    -2.26,
    -1.99,
    -1.71,
    -1.44,
    -1.17
  ],
  "takeoff_energy": 27893176.806480546,
  "trans2hor_energy": 10228449.284464184,
  "climb_energy": 16472874.006177094,
  "cruise_energy": 1190126169.3036983,
  "descend_energy": 3187661.425112546,
  "hor_loiter_energy": 203318339.64130726,
  "trans2ver_energy": 8030328.917172512,
  "ver_loiter_energy": 47406596.39962932,
  "land_energy": 24177364.16381095,
  "Vx_cr": 248.97893347995856,
  "Vy_cr": 0.0,
  "Vz_cr": -50197.312240342006,
  "Mx_cr": 141944.49318217914,
  "Mz_cr": -782.0864241465131,
  "T_cr": -74568.70871558024,
  "Vx_vf": 0.0,
  "Vy_vf": 0.0,
  "Vz_vf": -10188.291398598747,
  "Mx_vf": 26906.671086085,
  "Mz_vf": 0.0,
  "T_vf": 0.0,
  "thickness_to_chord": 0.17,
  "i_xx": 4.263346668145125e-05,
  "i_zz": 0.0001880888235946378,
  "i_xz": 0.0,
  "j_y": 0.00023072229027608902,
  "area_enclosed": 0.19670808171832374,
  "area": 0.006880232617668375,
  "max_shear_cr": 129806903.87528937,
  "max_axial_cr": 356536215.0677191,
  "max_shear_vf": 13523019.119743586,
  "max_axial_vf": 67213848.29346538,
  "crit_buck_stress": 2746843.154431918
}