{
  "name": "L1",
  "mtom": 4021.449416023759,
  "oem": 3546.449416023759,
  "wing1_weight": 51.45921564751772,
  "wing2_weight": 191.2978853003528,
  "fuselage_weight": 293.889436805373,
  "lg_weight": 167.05725863959938,
  "nacelle_weight": 402.143146261765,
  "powertrain_weight": 225.34027983686406,
  "h2_weight": 1831.23544420186,
  "misc_weight": 384.02674933042715,
  "l_fuse": 10,
  "w_fuse": 1.7,
  "eff": 0.6,
  "diskloading": 1200,
  "v_cruise": 83.33,
  "v_max": 104.17,
  "v_stall": 45,
  "loadfactor": 2,
  "h_hover": 30.5,
  "roc": 5,
  "cL_cruise": 0.416,
  "mac1": 0.8812989698764242,
  "y_mac1": 1.0321366781821968,
  "x_lemac1": 0.07806767717417126,
  "mac2": 1.0456555605008826,
  "y_mac2": 2.1747624782340473,
  "x_lemac2": 0.09428510392838768,
  "cLmax": 1.5,
  "cd": 0.07,
  "cd0": 0.017,
  "clalpha": 5.17,
  "cm": 1.11,
  "e": 0.75,
  "b1": 4.8166378315169185,
  "b2": 10.14889156509222,
  "A1": 5.8,
  "A2": 10.3,
  "S1": 4,
  "S2": 10,
  "S": 14,
  "S1/S": 0.285714,
  "S2/S": 0.714286,
  "c_root1": 1.1863639979105711,
  "c_root2": 1.407613254520419,
  "c_tip1": 0.47454559916422845,
  "c_tip2": 0.5630453018081676,
  "sweep_le1": 0.07563695663995235,
  "sweep1_1/4": 0.1,
  "sweep2_1/4": 0.1,
  "sweep_le2": 0.04335420758452167,
  "sweep_m": -0.209,
  "taper1": 0.4,
  "taper2": 0.4,
  "StotS": 1.2,
  "mission_energy": 2126274705.7285557,
  "WP_hover": 0.007141328857834198,
  "power_hover": 1932663.3306613546,
  "power_climb": 319104.13524833624,
  "power_cruise": 358945.8735742901,
  "WP_cruise": 0.050870607832346856,
  "TW": 1.2237037037037035,
  "WS": 1860.46875,
  "ld_climb": 251.9211,
  "ld_cr": 13.59,
  "ducted_bool": 1,
  "tandem_bool": 1,
  "G": 0.045,
  "n_max": 4.199523015039315,
  "n_ult": 6.299284522558972,
  "A_tot": 2.09,
  "l_cockpit": 2.103,
  "l_cabin": 3.25,
  "l_tail": 3.942,
  "l_fuselage": 9.295,
  "d_fuselage": 1.7,
  "upsweep": 0.1745,
  "h_wings": 0,
  "x_rotor_loc": [
    0.9,
    0.9,
    0.9,
    0.9,
    0.9,
    0.9,
    0.9,
    0.9,
    0.9,
    0.9,
    0.9,
    0.9,
    6.9,
    6.9,
    6.9,
    6.9,
    6.9,
    6.9,
    6.9,
    6.9,
    6.9,
    6.9,
    6.9,
    6.9,
    6.9,
    6.9,
    6.9,
    6.9,
    6.9,
    6.9,
    6.9,
    6.9,
    6.9,
    6.9,
    6.9,
    6.9
  ],
  "y_rotor_loc": [
    1.91,
    1.64,
    1.37,
    1.1,
    0.82,
    0.55,
    -1.91,
    -1.64,
    -1.37,
    -1.1,
    -0.82,
    -0.55,
    4.16,
    3.89,
    3.62,
    3.35,
    3.07,
    2.8,
    2.53,
    2.26,
    1.99,
    1.71,
    1.44,
    1.17,
    -4.16,
    -3.89,
    -3.62,
    -3.35,
    -3.07,
    -2.8,
    -2.53,
    -2.26,
    -1.99,
    -1.71,
    -1.44,
    -1.17
  ],
  "takeoff_energy": 34114315.78114323,
  "trans2hor_energy": 12743989.885765612,
  "climb_energy": 23613706.00837688,
  "cruise_energy": 1652156025.4841025,
  "descend_energy": 95718.8996198107,
  "hor_loiter_energy": 305979038.2637072,
  "trans2ver_energy": 10022262.526881063,
  "ver_loiter_energy": 57979899.919840634,
  "land_energy": 29569748.959118728,
  "Vx_cr": 477.6125777021106,
  "Vy_cr": 0.0,
  "Vz_cr": -11364.921963732802,
  "Mx_cr": 28572.650279261365,
  "Mz_cr": -1090.5884025637883,
  "T_cr": -23747.275255611545,
  "Vx_vf": 0.0,
  "Vy_vf": 0.0,
  "Vz_vf": -10424.408752057077,
  "Mx_vf": 27853.874739171577,
  "Mz_vf": 0.0,
  "T_vf": 0.0,
  "thickness_to_chord": 0.17,
  "i_xx": 3.0951315342512e-05,
  "i_zz": 0.00013654992062872942,
  "i_xz": 0.0,
  "j_y": 0.0001675012359712414,
  "area_enclosed": 0.1585811959970267,
  "area": 0.006180020131962172,
  "max_shear_cr": 41772088.29567829,
  "max_axial_cr": 91734292.66370802,
  "max_shear_vf": 15422378.060058782,
  "max_axial_vf": 86138790.3238964
}