{
      "name": "L1",
      "mtom": 3218.828262056827,
      "oem": 2743.828262056827,
      "wing1_weight": 110.73168420534817,
      "wing2_weight": 411.6414802244803,
      "fuselage_weight": 250.78605652034196,
      "lg_weight": 131.56667862093244,
      "nacelle_weight": 225.83036840730236,
      "powertrain_weight": 220.99301289513065,
      "h2_weight": 1068.4865779530228,
      "misc_weight": 323.7924032302684,
      "l_fuse": 9.295,
      "w_fuse": 1.7,
      "eff": 0.6,
      "diskloading": 1200,
      "v_cruise": 83.33,
      "v_max": 104.17,
      "v_stall": 45,
      "loadfactor": 2,
      "h_hover": 30.5,
      "roc": 5,
      "cL_cruise": 0.4546065494115993,
      "mac1": 0.9701964221644358,
      "y_mac1": 1.1362492713425798,
      "x_lemac1": 0.08594243686871615,
      "mac2": 1.1511326217718334,
      "y_mac2": 2.394134481627381,
      "x_lemac2": 0.10379580330173464,
      "cLmax": 1.5,
      "cd": 0.029680127799672405,
      "cd0": 0.019216047346908467,
      "clalpha": 5.17,
      "cm": 0.548,
      "e": 0.780952380952381,
      "b1": 5.3024965995987055,
      "b2": 11.172627580927776,
      "A1": 5.8,
      "A2": 10.3,
      "S1": 4.8476672739234195,
      "S2": 12.119185151660973,
      "S": 16.966852425584392,
      "S1/S": 0.285714,
      "S2/S": 0.714286,
      "c_root1": 1.306033645221356,
      "c_root2": 1.5496016062313143,
      "c_tip1": 0.5224134580885423,
      "c_tip2": 0.6198406424925258,
      "sweep_le1": 0.07563695663995235,
      "sweep1_1/4": 0.1,
      "sweep2_1/4": 0.1,
      "sweep_le2": 0.043354207584521666,
      "sweep_m": -0.209,
      "taper1": 0.4,
      "taper2": 0.4,
      "StotS": 1.2,
      "mission_energy": 1506873779.4042807,
      "WP_hover": 0.007982130883457403,
      "power_hover": 1546951.0902659146,
      "power_climb": 217919.81358562034,
      "power_cruise": 254917.04556698137,
      "WP_cruise": 0.04853548017721525,
      "TW": 1.2237037037037035,
      "WS": 1860.46875,
      "ld_climb": 251.9211,
      "ld_cr": 15.316866304619383,
      "ducted_bool": 1,
      "tandem_bool": 1,
      "G": 0.045,
      "n_max": 3.078278478824067,
      "n_ult": 4.6174177182361005,
      "A_tot": 2.09,
      "l_cockpit": 2.103,
      "l_cabin": 3.25,
      "l_tail": 3.942,
      "l_fuselage": 9.295,
      "d_fuselage": 1.7,
      "upsweep": 0.1745,
      "h_wings": 0,
      "x_rotor_loc": [
            0.9,
            0.9,
            0.9,
            0.9,
            0.9,
            0.9,
            0.9,
            0.9,
            0.9,
            0.9,
            0.9,
            0.9,
            6.9,
            6.9,
            6.9,
            6.9,
            6.9,
            6.9,
            6.9,
            6.9,
            6.9,
            6.9,
            6.9,
            6.9,
            6.9,
            6.9,
            6.9,
            6.9,
            6.9,
            6.9,
            6.9,
            6.9,
            6.9,
            6.9,
            6.9,
            6.9
      ],
      "y_rotor_loc": [
            1.91,
            1.64,
            1.37,
            1.1,
            0.82,
            0.55,
            -1.91,
            -1.64,
            -1.37,
            -1.1,
            -0.82,
            -0.55,
            4.16,
            3.89,
            3.62,
            3.35,
            3.07,
            2.8,
            2.53,
            2.26,
            1.99,
            1.71,
            1.44,
            1.17,
            -4.16,
            -3.89,
            -3.62,
            -3.35,
            -3.07,
            -2.8,
            -2.53,
            -2.26,
            -1.99,
            -1.71,
            -1.44,
            -1.17
      ],
      "takeoff_energy": 27305934.331178278,
      "trans2hor_energy": 10013107.019293552,
      "climb_energy": 16126066.205335906,
      "cruise_energy": 1173332147.931565,
      "descend_energy": 3120550.740707689,
      "hor_loiter_energy": 199037824.5220122,
      "trans2ver_energy": 7861264.265142047,
      "ver_loiter_energy": 46408532.70797744,
      "land_energy": 23668351.681068495,
      "Vx_cr": 248.97893347995856,
      "Vy_cr": 0.0,
      "Vz_cr": -50197.312240342006,
      "Mx_cr": 141944.49318217914,
      "Mz_cr": -782.0864241465131,
      "T_cr": -74568.70871558024,
      "Vx_vf": 0.0,
      "Vy_vf": 0.0,
      "Vz_vf": -10188.291398598747,
      "Mx_vf": 26906.671086085,
      "Mz_vf": 0.0,
      "T_vf": 0.0,
      "thickness_to_chord": 0.17,
      "i_xx": 4.263346668145125e-05,
      "i_zz": 0.0001880888235946378,
      "i_xz": 0.0,
      "j_y": 0.00023072229027608902,
      "area_enclosed": 0.19670808171832374,
      "area": 0.006880232617668375,
      "max_shear_cr": 129806903.87528937,
      "max_axial_cr": 356536215.0677191,
      "max_shear_vf": 13523019.119743586,
      "max_axial_vf": 67213848.29346538,
      "crit_buck_stress": 2746843.154431918
}