{
      "name": "L1",
      "mtom": 4377.630446493179,
      "oem": 3902.630446493179,
      "wing1_weight": 134.90155824142246,
      "wing2_weight": 501.49221081210663,
      "fuselage_weight": 296.39832252428727,
      "lg_weight": 169.9335191643243,
      "nacelle_weight": 378.4219182423602,
      "powertrain_weight": 370.31600509592846,
      "h2_weight": 1648.351079594775,
      "misc_weight": 402.8158328179746,
      "l_fuse": 10,
      "w_fuse": 1.7,
      "eff": 0.6,
      "diskloading": 2000.0,
      "v_cruise": 83.33,
      "v_max": 104.17,
      "v_stall": 45,
      "loadfactor": 2,
      "h_hover": 30.5,
      "roc": 5,
      "cL_cruise": 0.4546065494115993,
      "mac1": 1.1053363469677253,
      "y_mac1": 1.294518914044894,
      "x_lemac1": 0.09791347097121185,
      "mac2": 1.3114753857636936,
      "y_mac2": 2.727616595583528,
      "x_lemac2": 0.11825365609591455,
      "cLmax": 1.5,
      "cd": 0.02740630650909546,
      "cd0": 0.01694222605633152,
      "clalpha": 5.17,
      "cm": 1.11,
      "e": 0.780952380952381,
      "b1": 6.041088265542838,
      "b2": 12.728877446056464,
      "A1": 5.8,
      "A2": 10.3,
      "S1": 6.292197833117133,
      "S2": 15.73051660550727,
      "S": 22.022714438624405,
      "S1/S": 0.285714,
      "S2/S": 0.714286,
      "c_root1": 1.4879527747642458,
      "c_root2": 1.765447634681895,
      "c_tip1": 0.5951811099056984,
      "c_tip2": 0.706179053872758,
      "sweep_le1": 0.07563695663995235,
      "sweep1_1/4": 0.1,
      "sweep2_1/4": 0.1,
      "sweep_le2": 0.043354207584521666,
      "sweep_m": -0.209,
      "taper1": 0.4,
      "taper2": 0.4,
      "StotS": 1.2,
      "mission_energy": 2131897432.3629467,
      "WP_hover": 0.0070062247076407265,
      "power_hover": 2592212.035671499,
      "power_climb": 324602.72061223275,
      "power_cruise": 350621.9147455591,
      "WP_cruise": 0.051447243502131076,
      "TW": 1.2237037037037035,
      "WS": 1860.46875,
      "ld_climb": 251.9211,
      "ld_cr": 16.58766201351236,
      "ducted_bool": 1,
      "tandem_bool": 1,
      "G": 0.045,
      "n_max": 3.078278478824067,
      "n_ult": 4.6174177182361005,
      "A_tot": 2.09,
      "l_cockpit": 2.103,
      "l_cabin": 3.25,
      "l_tail": 3.942,
      "l_fuselage": 9.295,
      "d_fuselage": 1.7,
      "upsweep": 0.1745,
      "h_wings": 0,
      "x_rotor_loc": [
            0.9,
            0.9,
            0.9,
            0.9,
            0.9,
            0.9,
            0.9,
            0.9,
            0.9,
            0.9,
            0.9,
            0.9,
            6.9,
            6.9,
            6.9,
            6.9,
            6.9,
            6.9,
            6.9,
            6.9,
            6.9,
            6.9,
            6.9,
            6.9,
            6.9,
            6.9,
            6.9,
            6.9,
            6.9,
            6.9,
            6.9,
            6.9,
            6.9,
            6.9,
            6.9,
            6.9
      ],
      "y_rotor_loc": [
            1.91,
            1.64,
            1.37,
            1.1,
            0.82,
            0.55,
            -1.91,
            -1.64,
            -1.37,
            -1.1,
            -0.82,
            -0.55,
            4.16,
            3.89,
            3.62,
            3.35,
            3.07,
            2.8,
            2.53,
            2.26,
            1.99,
            1.71,
            1.44,
            1.17,
            -4.16,
            -3.89,
            -3.62,
            -3.35,
            -3.07,
            -2.8,
            -2.53,
            -2.26,
            -1.99,
            -1.71,
            -1.44,
            -1.17
      ],
      "takeoff_energy": 45756308.69258355,
      "trans2hor_energy": 16576055.659461018,
      "climb_energy": 24020601.325305223,
      "cruise_energy": 1613842508.7473705,
      "descend_energy": 4648220.111679981,
      "hor_loiter_energy": 296477031.07639116,
      "trans2ver_energy": 13149501.534236412,
      "ver_loiter_energy": 77766361.07014497,
      "land_energy": 39660844.14577394,
      "Vx_cr": 477.6125777021106,
      "Vy_cr": 0.0,
      "Vz_cr": -11364.921963732802,
      "Mx_cr": 28572.650279261365,
      "Mz_cr": -1090.5884025637883,
      "T_cr": -23747.275255611545,
      "Vx_vf": 0.0,
      "Vy_vf": 0.0,
      "Vz_vf": -10424.408752057077,
      "Mx_vf": 27853.874739171577,
      "Mz_vf": 0.0,
      "T_vf": 0.0,
      "thickness_to_chord": 0.17,
      "i_xx": 4.263346668145125e-05,
      "i_zz": 0.0001880888235946378,
      "i_xz": 0.0,
      "j_y": 0.00023072229027608902,
      "area_enclosed": 0.19670808171832374,
      "area": 0.006880232617668375,
      "max_shear_cr": 35205786.83631973,
      "max_axial_cr": 74099854.94950911,
      "max_shear_vf": 13836419.999282565,
      "max_axial_vf": 69579997.65612295,
      "crit_buck_stress": 2746843.154431918
}