{
      "name": "L1",
      "mtom": 3221.32102490338,
      "oem": 2746.32102490338,
      "wing1_weight": 110.82159429295139,
      "wing2_weight": 411.9757180879581,
      "fuselage_weight": 250.88802351425556,
      "lg_weight": 131.7047994978094,
      "nacelle_weight": 226.07262720792025,
      "powertrain_weight": 221.2300824381974,
      "h2_weight": 1069.5481603340634,
      "misc_weight": 324.0800195302247,
      "l_fuse": 9.295,
      "w_fuse": 1.7,
      "eff": 0.6,
      "diskloading": 1200,
      "v_cruise": 83.33,
      "v_max": 104.17,
      "v_stall": 45,
      "loadfactor": 2,
      "h_hover": 30.5,
      "roc": 5,
      "cL_cruise": 0.4546065494115993,
      "mac1": 0.9707166702223269,
      "y_mac1": 1.136858561856533,
      "x_lemac1": 0.08598852174890118,
      "mac2": 1.1517498931791177,
      "y_mac2": 2.395418287448492,
      "x_lemac2": 0.10385146168580132,
      "cLmax": 1.5,
      "cd": 0.029669487529903036,
      "cd0": 0.019205407077139098,
      "clalpha": 5.17,
      "cm": 0.548,
      "e": 0.780952380952381,
      "b1": 5.305339955330487,
      "b2": 11.17861867475963,
      "A1": 5.8,
      "A2": 10.3,
      "S1": 4.852867593383809,
      "S2": 12.132185968513081,
      "S": 16.98505356189689,
      "S1/S": 0.285714,
      "S2/S": 0.714286,
      "c_root1": 1.30673397914544,
      "c_root2": 1.550432548510351,
      "c_tip1": 0.522693591658176,
      "c_tip2": 0.6201730194041404,
      "sweep_le1": 0.07563695663995235,
      "sweep1_1/4": 0.1,
      "sweep2_1/4": 0.1,
      "sweep_le2": 0.04335420758452167,
      "sweep_m": -0.209,
      "taper1": 0.4,
      "taper2": 0.4,
      "StotS": 1.2,
      "mission_energy": 1508069184.802824,
      "WP_hover": 0.007977852922423728,
      "power_hover": 1548610.5770673817,
      "power_climb": 218153.5863640224,
      "power_cruise": 255099.02169200385,
      "WP_cruise": 0.04855620541069383,
      "TW": 1.2237037037037035,
      "WS": 1860.46875,
      "ld_climb": 251.9211,
      "ld_cr": 15.32235934150916,
      "ducted_bool": 1,
      "tandem_bool": 1,
      "G": 0.045,
      "n_max": 3.078278478824067,
      "n_ult": 4.6174177182361005,
      "A_tot": 2.09,
      "l_cockpit": 2.103,
      "l_cabin": 3.25,
      "l_tail": 3.942,
      "l_fuselage": 9.295,
      "d_fuselage": 1.7,
      "upsweep": 0.1745,
      "h_wings": 0,
      "x_rotor_loc": [
            0.9,
            0.9,
            0.9,
            0.9,
            0.9,
            0.9,
            0.9,
            0.9,
            0.9,
            0.9,
            0.9,
            0.9,
            6.9,
            6.9,
            6.9,
            6.9,
            6.9,
            6.9,
            6.9,
            6.9,
            6.9,
            6.9,
            6.9,
            6.9,
            6.9,
            6.9,
            6.9,
            6.9,
            6.9,
            6.9,
            6.9,
            6.9,
            6.9,
            6.9,
            6.9,
            6.9
      ],
      "y_rotor_loc": [
            1.91,
            1.64,
            1.37,
            1.1,
            0.82,
            0.55,
            -1.91,
            -1.64,
            -1.37,
            -1.1,
            -0.82,
            -0.55,
            4.16,
            3.89,
            3.62,
            3.35,
            3.07,
            2.8,
            2.53,
            2.26,
            1.99,
            1.71,
            1.44,
            1.17,
            -4.16,
            -3.89,
            -3.62,
            -3.35,
            -3.07,
            -2.8,
            -2.53,
            -2.26,
            -1.99,
            -1.71,
            -1.44,
            -1.17
      ],
      "takeoff_energy": 27335226.684316937,
      "trans2hor_energy": 10023848.54760996,
      "climb_energy": 16143365.390937658,
      "cruise_energy": 1174169747.618828,
      "descend_energy": 3123898.3014677507,
      "hor_loiter_energy": 199251341.70743936,
      "trans2ver_energy": 7869697.4110720875,
      "ver_loiter_energy": 46458317.31202145,
      "land_energy": 23693741.82913094,
      "Vx_cr": 248.97893347995856,
      "Vy_cr": 0.0,
      "Vz_cr": -50197.312240342006,
      "Mx_cr": 141944.49318217914,
      "Mz_cr": -782.0864241465131,
      "T_cr": -74568.70871558024,
      "Vx_vf": 0.0,
      "Vy_vf": 0.0,
      "Vz_vf": -10188.291398598747,
      "Mx_vf": 26906.671086085,
      "Mz_vf": 0.0,
      "T_vf": 0.0,
      "thickness_to_chord": 0.17,
      "i_xx": 4.263346668145125e-05,
      "i_zz": 0.0001880888235946378,
      "i_xz": 0.0,
      "j_y": 0.00023072229027608902,
      "area_enclosed": 0.19670808171832374,
      "area": 0.006880232617668375,
      "max_shear_cr": 129806903.87528937,
      "max_axial_cr": 356536215.0677191,
      "max_shear_vf": 13523019.119743586,
      "max_axial_vf": 67213848.29346538,
      "crit_buck_stress": 2746843.154431918
}