{
      "name": "L1",
      "mtom": 5905.058106677986,
      "oem": 5430.058106677986,
      "wing1_weight": 303.00036811785145,
      "wing2_weight": 726.9022236473596,
      "fuselage_weight": 340.4481961815035,
      "lg_weight": 237.9992385644281,
      "nacelle_weight": 532.5469040977315,
      "powertrain_weight": 521.1395866488182,
      "h2_weight": 2228.145215889851,
      "misc_weight": 539.876373530443,
      "l_fuse": 10,
      "w_fuse": 1.7,
      "eff": 0.6,
      "diskloading": 2000.0,
      "v_cruise": 83.33,
      "v_max": 104.17,
      "v_stall": 45,
      "loadfactor": 2,
      "h_hover": 30.5,
      "roc": 5,
      "cL_cruise": 0.4546065494115993,
      "mac1": 1.1164884771761425,
      "y_mac1": 1.8035583092845378,
      "x_lemac1": 0.09976700141137089,
      "mac2": 1.5054738093395135,
      "y_mac2": 3.3438889418983426,
      "x_lemac2": 0.13611758045842573,
      "cLmax": 1.5,
      "cd": 0.023777858960804404,
      "cd0": 0.01491092762977812,
      "clalpha": 5.17,
      "cm": 1.11,
      "e": 0.780952380952381,
      "b1": 8.416605443327843,
      "b2": 15.604815062192264,
      "A1": 8.0,
      "A2": 11.0,
      "S1": 8.854905898581984,
      "S2": 22.137295738656597,
      "S": 30.99220163723858,
      "S1/S": 0.285714,
      "S2/S": 0.714286,
      "c_root1": 1.5029652577371149,
      "c_root2": 2.0265993587262683,
      "c_tip1": 0.601186103094846,
      "c_tip2": 0.8106397434905074,
      "sweep_le1": 0.05531675959561737,
      "sweep1_1/4": 0.1,
      "sweep2_1/4": 0.1,
      "sweep_le2": 0.04070636998522777,
      "sweep_m": -0.209,
      "taper1": 0.4,
      "taper2": 0.4,
      "StotS": 1.2,
      "mission_energy": 2699498076.4234233,
      "WP_hover": 0.0059059976716624805,
      "power_hover": 3647977.106541727,
      "power_climb": 456808.0377760608,
      "power_cruise": 428097.68046401115,
      "WP_cruise": 0.058703049531694626,
      "TW": 1.2237037037037035,
      "WS": 1860.46875,
      "ld_climb": 251.9211,
      "ld_cr": 19.118901754820566,
      "ducted_bool": 1,
      "tandem_bool": 1,
      "G": 0.045,
      "n_max": 3.078278478824067,
      "n_ult": 4.6174177182361005,
      "A_tot": 2.09,
      "l_cockpit": 2.103,
      "l_cabin": 3.25,
      "l_tail": 3.942,
      "l_fuselage": 9.295,
      "d_fuselage": 1.7,
      "upsweep": 0.1745,
      "h_wings": 0,
      "x_rotor_loc": [
            0.9,
            0.9,
            0.9,
            0.9,
            0.9,
            0.9,
            0.9,
            0.9,
            0.9,
            0.9,
            0.9,
            0.9,
            6.9,
            6.9,
            6.9,
            6.9,
            6.9,
            6.9,
            6.9,
            6.9,
            6.9,
            6.9,
            6.9,
            6.9,
            6.9,
            6.9,
            6.9,
            6.9,
            6.9,
            6.9,
            6.9,
            6.9,
            6.9,
            6.9,
            6.9,
            6.9
      ],
      "y_rotor_loc": [
            1.91,
            1.64,
            1.37,
            1.1,
            0.82,
            0.55,
            -1.91,
            -1.64,
            -1.37,
            -1.1,
            -0.82,
            -0.55,
            4.16,
            3.89,
            3.62,
            3.35,
            3.07,
            2.8,
            2.53,
            2.26,
            1.99,
            1.71,
            1.44,
            1.17,
            -4.16,
            -3.89,
            -3.62,
            -3.35,
            -3.07,
            -2.8,
            -2.53,
            -2.26,
            -1.99,
            -1.71,
            -1.44,
            -1.17
      ],
      "takeoff_energy": 64392096.13003818,
      "trans2hor_energy": 23327208.85882742,
      "climb_energy": 33803794.7954285,
      "cruise_energy": 1970447954.2595975,
      "descend_energy": 6541363.252787647,
      "hor_loiter_energy": 417227220.265555,
      "trans2ver_energy": 18505075.934848677,
      "ver_loiter_energy": 109439313.19625181,
      "land_energy": 55814049.73008843,
      "Vx_cr": 477.6125777021106,
      "Vy_cr": 0.0,
      "Vz_cr": -11364.921963732802,
      "Mx_cr": 28572.650279261365,
      "Mz_cr": -1090.5884025637883,
      "T_cr": -23747.275255611545,
      "Vx_vf": 0.0,
      "Vy_vf": 0.0,
      "Vz_vf": -10424.408752057077,
      "Mx_vf": 27853.874739171577,
      "Mz_vf": 0.0,
      "T_vf": 0.0,
      "thickness_to_chord": 0.17,
      "i_xx": 4.263346668145125e-05,
      "i_zz": 0.0001880888235946378,
      "i_xz": 0.0,
      "j_y": 0.00023072229027608902,
      "area_enclosed": 0.19670808171832374,
      "area": 0.006880232617668375,
      "max_shear_cr": 35205786.83631973,
      "max_axial_cr": 74099854.94950911,
      "max_shear_vf": 13836419.999282565,
      "max_axial_vf": 69579997.65612295,
      "crit_buck_stress": 2746843.154431918
}