{
      "name": "L1",
      "mtom": 2.61882389325965e+175,
      "oem": 2.61882389325965e+175,
      "wing1_weight": 1.558848233746233e+132,
      "wing2_weight": 5.794968251314863e+132,
      "fuselage_weight": 9.857844769920868e+120,
      "lg_weight": 1.0475274159344956e+174,
      "nacelle_weight": 3.874681276990881e+174,
      "powertrain_weight": 3.7916844198128617e+174,
      "h2_weight": 1.3270895469345016e+175,
      "misc_weight": 1.8227013566408373e+174,
      "l_fuse": 9.295,
      "w_fuse": 1.7,
      "eff": 0.6,
      "diskloading": 1200,
      "v_cruise": 83.33,
      "v_max": 104.17,
      "v_stall": 45,
      "loadfactor": 2,
      "h_hover": 30.5,
      "roc": 5,
      "cL_cruise": 0.4318762219410193,
      "mac1": 8.978411612414302e+85,
      "y_mac1": 1.0515101292231365e+86,
      "x_lemac1": 7.7697792799739145e+84,
      "mac2": 1.0652835098781101e+86,
      "y_mac2": 2.215584838333031e+86,
      "x_lemac2": 9.218799604714415e+84,
      "cLmax": 1.5,
      "cd": 0.012729169097010464,
      "cd0": 0.003285336488391009,
      "clalpha": 5.17,
      "cm": 0.548,
      "e": 0.780952380952381,
      "b1": 4.90704726970797e+86,
      "b2": 1.033939591222081e+87,
      "A1": 5.8,
      "A2": 10.3,
      "S1": 4.151571190887662e+172,
      "S2": 1.0378942507732854e+173,
      "S": 1.4530513698620516e+173,
      "S1/S": 0.285714,
      "S2/S": 0.714286,
      "c_root1": 1.2086323324403868e+86,
      "c_root2": 1.4340354940666867e+86,
      "c_tip1": 4.8345293297615477e+85,
      "c_tip2": 5.736141976266747e+85,
      "sweep_le1": 0.07389162561576354,
      "sweep1_1/4": 0,
      "sweep2_1/4": 0,
      "sweep_le2": 0.04160887656033287,
      "sweep_m": -0.209,
      "taper1": 0.4,
      "taper2": 0.4,
      "StotS": 1.2,
      "mission_energy": 1.3350520842161087e+180,
      "WP_hover": 0.046513280580577306,
      "power_hover": 2.6541790938690032e+178,
      "power_climb": 2.9606305598842506e+71,
      "power_cruise": 1.6019026981410475e+71,
      "WP_cruise": 0.046513280580577306,
      "TW": 1.2249512670565301,
      "WS": 1767.4453125,
      "ld_climb": 251.9211,
      "ld_cr": 33.92807642428511,
      "ducted_bool": 1,
      "tandem_bool": 1,
      "G": 0.045,
      "n_max": 3.156695438143349,
      "n_ult": 4.735043157215024,
      "A_tot": 2.09,
      "l_cockpit": 2.103,
      "l_cabin": 3.25,
      "l_tail": 3.942,
      "l_fuselage": 9.295,
      "d_fuselage": 1.7,
      "upsweep": 0.1745,
      "h_wings": 0,
      "x_rotor_loc": [
            0.9,
            0.9,
            0.9,
            0.9,
            0.9,
            0.9,
            0.9,
            0.9,
            0.9,
            0.9,
            0.9,
            0.9,
            6.9,
            6.9,
            6.9,
            6.9,
            6.9,
            6.9,
            6.9,
            6.9,
            6.9,
            6.9,
            6.9,
            6.9,
            6.9,
            6.9,
            6.9,
            6.9,
            6.9,
            6.9,
            6.9,
            6.9,
            6.9,
            6.9,
            6.9,
            6.9
      ],
      "y_rotor_loc": [
            1.91,
            1.64,
            1.37,
            1.1,
            0.82,
            0.55,
            -1.91,
            -1.64,
            -1.37,
            -1.1,
            -0.82,
            -0.55,
            4.16,
            3.89,
            3.62,
            3.35,
            3.07,
            2.8,
            2.53,
            2.26,
            1.99,
            1.71,
            1.44,
            1.17,
            -4.16,
            -3.89,
            -3.62,
            -3.35,
            -3.07,
            -2.8,
            -2.53,
            -2.26,
            -1.99,
            -1.71,
            -1.44,
            -1.17
      ],
      "takeoff_energy": 7.875269126068867e+94,
      "trans2hor_energy": 2.573617361460414e+94,
      "climb_energy": 2.1908666143143456e+73,
      "cruise_energy": 7.373237554227558e+74,
      "descend_energy": 3.603955840412302e+72,
      "hor_loiter_energy": 2.686416778769481e+74,
      "trans2ver_energy": 1.3270895469345015e+179,
      "ver_loiter_energy": 7.96253728160701e+179,
      "land_energy": 4.060894013619575e+179,
      "Vx_cr": 314.1159785245234,
      "Vy_cr": 0.0,
      "Vz_cr": -72751.05945360691,
      "Mx_cr": 250192.3972495158,
      "Mz_cr": -1546.810974748867,
      "T_cr": -137008.77090210075,
      "Vx_vf": 0.0,
      "Vy_vf": 0.0,
      "Vz_vf": -14333.120878444777,
      "Mx_vf": 36715.6474746863,
      "Mz_vf": 0.0,
      "T_vf": 0.0,
      "thickness_to_chord": 0.17,
      "i_xx": 7.564401628081866e-05,
      "i_zz": 0.0003337236012389058,
      "i_xz": 0.0,
      "j_y": 0.00040936761751972443,
      "area_enclosed": 0.2891732596777927,
      "area": 0.008336932090299731,
      "max_shear_cr": 158510539.0763408,
      "max_axial_cr": 429075482.26422614,
      "max_shear_vf": 15671753.195464168,
      "max_axial_vf": 62579779.518532164,
      "crit_buck_stress": 1874208.5190218207,
      "depda": 0.1,
      "depsda": 0.1,
      "cl_alpha1": 4.419170299946589,
      "cl_alpha2": 5.096819195488457,
      "alpha": 4.539146759360741,
      "diskarea": 3.7144773367770646e+66,
      "rotor_direction": [
            -1.0,
            -1.0,
            -1.0,
            -1.0,
            -1.0,
            -1.0,
            1.0,
            1.0,
            1.0,
            1.0,
            1.0,
            1.0,
            -1.0,
            -1.0,
            -1.0,
            -1.0,
            -1.0,
            -1.0,
            -1.0,
            -1.0,
            -1.0,
            -1.0,
            -1.0,
            -1.0,
            1.0,
            1.0,
            1.0,
            1.0,
            1.0,
            1.0,
            1.0,
            1.0,
            1.0,
            1.0,
            1.0,
            1.0
      ],
      "cd_upsweep": 0.003276899118861381,
      "cd_base": 0.0
}