{
      "name": "L1",
      "mtom": 21940.74936856356,
      "oem": 21430.74936856356,
      "wing1_weight": 468.5589688503165,
      "wing2_weight": 1741.8529203648177,
      "fuselage_weight": 579.2994464278379,
      "lg_weight": 836.5660499474632,
      "nacelle_weight": 2579.436361428726,
      "powertrain_weight": 2524.184046209769,
      "h2_weight": 9068.125017524137,
      "misc_weight": 1684.4766152138043,
      "l_fuse": 9.295,
      "w_fuse": 1.7,
      "eff": 0.6,
      "diskloading": 1200,
      "v_cruise": 83.33,
      "v_max": 104.17,
      "v_stall": 45,
      "loadfactor": 2,
      "h_hover": 30.5,
      "roc": 5,
      "cL_cruise": 0.4318762219410193,
      "mac1": 2.533003094537619,
      "y_mac1": 2.9665363164873266,
      "x_lemac1": 0.21920219087344783,
      "mac2": 3.005393986782876,
      "y_mac2": 6.25064153212631,
      "x_lemac2": 0.26008217193313354,
      "cLmax": 1.5,
      "cd": 0.020076195593597024,
      "cd0": 0.010632362984977568,
      "clalpha": 5.17,
      "cm": 0.548,
      "e": 0.780952380952381,
      "b1": 13.843836143607524,
      "b2": 29.16966048325611,
      "A1": 5.8,
      "A2": 10.3,
      "S1": 33.04341365018173,
      "S2": 82.60864977751775,
      "S": 115.65206342769949,
      "S1/S": 0.285714,
      "S2/S": 0.714286,
      "c_root1": 3.4098118580314107,
      "c_root2": 4.04572267451541,
      "c_tip1": 1.3639247432125643,
      "c_tip2": 1.6182890698061643,
      "sweep_le1": 0.07389162561576357,
      "sweep1_1/4": 0,
      "sweep2_1/4": 0,
      "sweep_le2": 0.041608876560332866,
      "sweep_m": -0.209,
      "taper1": 0.4,
      "taper2": 0.4,
      "StotS": 1.2,
      "mission_energy": 7834853531.525966,
      "WP_hover": 0.0029799199359014116,
      "power_hover": 17669288.323468383,
      "power_climb": 1384471.2887745814,
      "power_cruise": 1175348.429254326,
      "WP_cruise": 0.061135382377019806,
      "TW": 1.2249512670565301,
      "WS": 1767.4453125,
      "ld_climb": 251.9211,
      "ld_cr": 21.511855666457006,
      "ducted_bool": 1,
      "tandem_bool": 1,
      "G": 0.045,
      "n_max": 3.156695438143349,
      "n_ult": 4.735043157215024,
      "A_tot": 2.09,
      "l_cockpit": 2.103,
      "l_cabin": 3.25,
      "l_tail": 3.942,
      "l_fuselage": 9.295,
      "d_fuselage": 1.7,
      "upsweep": 0.1745,
      "h_wings": 0,
      "x_rotor_loc": [
            0.9,
            0.9,
            0.9,
            0.9,
            0.9,
            0.9,
            0.9,
            0.9,
            0.9,
            0.9,
            0.9,
            0.9,
            6.9,
            6.9,
            6.9,
            6.9,
            6.9,
            6.9,
            6.9,
            6.9,
            6.9,
            6.9,
            6.9,
            6.9,
            6.9,
            6.9,
            6.9,
            6.9,
            6.9,
            6.9,
            6.9,
            6.9,
            6.9,
            6.9,
            6.9,
            6.9
      ],
      "y_rotor_loc": [
            1.91,
            1.64,
            1.37,
            1.1,
            0.82,
            0.55,
            -1.91,
            -1.64,
            -1.37,
            -1.1,
            -0.82,
            -0.55,
            4.16,
            3.89,
            3.62,
            3.35,
            3.07,
            2.8,
            2.53,
            2.26,
            1.99,
            1.71,
            1.44,
            1.17,
            -4.16,
            -3.89,
            -3.62,
            -3.35,
            -3.07,
            -2.8,
            -2.53,
            -2.26,
            -1.99,
            -1.71,
            -1.44,
            -1.17
      ],
      "takeoff_energy": 270340111.34906626,
      "trans2hor_energy": 95268798.06121482,
      "climb_energy": 102450875.36931902,
      "cruise_energy": 5409893614.597881,
      "descend_energy": 16853076.688019384,
      "hor_loiter_energy": 1256241474.4628093,
      "trans2ver_energy": 68588038.81871851,
      "ver_loiter_energy": 407428835.8800901,
      "land_energy": 207788706.29884595,
      "Vx_cr": 314.1159785245234,
      "Vy_cr": 0.0,
      "Vz_cr": -72751.05945360691,
      "Mx_cr": 250192.3972495158,
      "Mz_cr": -1546.810974748867,
      "T_cr": -137008.77090210075,
      "Vx_vf": 0.0,
      "Vy_vf": 0.0,
      "Vz_vf": -14333.120878444777,
      "Mx_vf": 36715.6474746863,
      "Mz_vf": 0.0,
      "T_vf": 0.0,
      "thickness_to_chord": 0.17,
      "i_xx": 7.564401628081866e-05,
      "i_zz": 0.0003337236012389058,
      "i_xz": 0.0,
      "j_y": 0.00040936761751972443,
      "area_enclosed": 0.2891732596777927,
      "area": 0.008336932090299731,
      "max_shear_cr": 158510539.0763408,
      "max_axial_cr": 429075482.26422614,
      "max_shear_vf": 15671753.195464168,
      "max_axial_vf": 62579779.518532164,
      "crit_buck_stress": 1874208.5190218207,
      "depda": 0.1,
      "depsda": 0.1,
      "cl_alpha1": 4.419170299946589,
      "cl_alpha2": 5.096819195488457,
      "alpha": 4.539146759360741,
      "diskarea": 17.369905233204015,
      "rotor_direction": [
            -1.0,
            -1.0,
            -1.0,
            -1.0,
            -1.0,
            -1.0,
            1.0,
            1.0,
            1.0,
            1.0,
            1.0,
            1.0,
            -1.0,
            -1.0,
            -1.0,
            -1.0,
            -1.0,
            -1.0,
            -1.0,
            -1.0,
            -1.0,
            -1.0,
            -1.0,
            -1.0,
            1.0,
            1.0,
            1.0,
            1.0,
            1.0,
            1.0,
            1.0,
            1.0,
            1.0,
            1.0,
            1.0,
            1.0
      ],
      "cd_upsweep": 0.003276899118861381,
      "cd_base": 0.0
}