{
  "name": "W1",
  "mtom": 2744.6360105525973,
  "oem": 2269.6360105525973,
  "wing1_weight": 279.1551594582709,
  "wing2_weight": 304.7774610287017,
  "fuselage_weight": 291.73516006023243,
  "lg_weight": 112.61582855051276,
  "powertrain_weight": 137.63605408901495,
  "nacelle_weight": 140.64879424852853,
  "h2_weight": 719.0032754011562,
  "misc_weight": 284.0642777161795,
  "l_fuse": 9.295,
  "w_fuse": 1.7,
  "eff": 0.8,
  "diskloading": 320,
  "v_cruise": 83.33,
  "v_max": 104.17,
  "v_stall": 45,
  "loadfactor": 2,
  "h_hover": 30.5,
  "roc": 5,
  "cL_cruise": 0.4318762219410193,
  "mac1": 0.926100796170367,
  "y_mac1": 1.7765106618845017,
  "x_lemac1": 0.0832439373031171,
  "mac2": 0.9026514002836411,
  "y_mac2": 1.8226614813419677,
  "x_lemac2": 0.08129521111606437,
  "cLmax": 1.5,
  "cd": 0.03382540385462307,
  "cd0": 0.024587645946173197,
  "clalpha": 5.15,
  "cm": -2.56,
  "e": 0.7303824200929149,
  "b1": 8.290383088794341,
  "b2": 8.505753579595849,
  "A1": 9.5,
  "A2": 10,
  "S1": 7.234784395680759,
  "S2": 7.234784395680759,
  "S": 14.469568791361517,
  "S1/S": 0.5,
  "S2/S": 0.5,
  "c_root1": 1.2466741486908786,
  "c_root2": 1.2151076542279784,
  "c_tip1": 0.49866965947635145,
  "c_tip2": 0.4860430616911914,
  "sweep_le1": 0.04685811297907602,
  "sweep_le2": 0.04460247388133165,
  "sweep1_1/4": 0.1,
  "sweep2_1/4": 0.1,
  "sweep_m": -0.36837,
  "taper1": 0.4,
  "taper2": 0.4,
  "StotS": 1.2,
  "mission_energy": 1122959529.5232809,
  "power_hover": 963452.3786231047,
  "power_climb": 153004.82106211263,
  "power_cruise": 194394.0462850644,
  "WP_hover": 0.014995473776954002,
  "WP_cruise": 0.053433569414920716,
  "TW": 1.2249512670565301,
  "WS": 1767.4453125,
  "ld_climb": 221.6754,
  "ld_cr": 13.439796650039588,
  "ducted_bool": 0,
  "tandem_bool": 1,
  "G": 0.045,
  "n_max": 3.0702387168170113,
  "n_ult": 4.605358075225517,
  "A_tot": 7.84,
  "l_cockpit": 2.103,
  "l_cabin": 3.25,
  "l_tail": 3.942,
  "l_fuselage": 9.295,
  "d_fuselage": 1.7,
  "upsweep": 0.1745,
  "h_wings": 0.3,
  "x_rotor_loc": [
    1.19,
    1.19,
    1.19,
    1.19,
    1.19,
    1.19,
    9.55,
    9.55,
    9.55,
    9.55,
    9.55,
    9.55
  ],
  "y_rotor_loc": [
    4.2,
    2.99,
    1.78,
    -1.78,
    -2.99,
    -4.2,
    4.2,
    2.99,
    1.78,
    -1.78,
    -2.99,
    -4.2
  ],
  "takeoff_energy": 17006334.29682497,
  "trans2hor_energy": 6322649.692508265,
  "climb_energy": 11322356.758596335,
  "cruise_energy": 894756893.8179563,
  "descend_energy": 2991996.3729284736,
  "hor_loiter_energy": 141976346.78947055,
  "trans2ver_energy": 4938559.043369381,
  "ver_loiter_energy": 28903571.358693138,
  "land_energy": 14740821.392933503,
  "Vx_cr": 250.39199879468728,
  "Vy_cr": 0.0,
  "Vz_cr": -29560.495647947137,
  "Mx_cr": 62257.505173272555,
  "Mz_cr": -316.50799184272245,
  "T_cr": 157516.88083419224,
  "Vx_vf": 0.0,
  "Vy_vf": 0.0,
  "Vz_vf": -6804.712127319263,
  "Mx_vf": 20976.594785466827,
  "Mz_vf": 0.0,
  "T_vf": 0.0,
  "thickness_to_chord": 0.17,
  "i_xx": 1.9910095213005538e-05,
  "i_zz": 8.783865535149498e-05,
  "i_xz": 0.0,
  "j_y": 0.00010774875056450054,
  "area_enclosed": 0.11780734978671974,
  "area": 0.005329915401070751,
  "max_shear_cr": 271620411.13188386,
  "max_axial_cr": 259683491.44839144,
  "max_shear_vf": 11694625.04665936,
  "max_axial_vf": 87053316.49760604,
  "crit_buck_stress": 4563367.054008208
}