{
      "name": "W1",
      "mtom": 2526.4492876857116,
      "oem": 2051.4492876857116,
      "wing1_weight": 262.2782561657647,
      "wing2_weight": 286.3515084312328,
      "fuselage_weight": 229.3256195275648,
      "lg_weight": 103.9327620074055,
      "powertrain_weight": 126.75204416697358,
      "nacelle_weight": 129.5265422902292,
      "h2_weight": 647.6202231645929,
      "misc_weight": 265.6623319319479,
      "l_fuse": 9.295,
      "w_fuse": 1.7,
      "eff": 0.8,
      "diskloading": 320,
      "v_cruise": 83.33,
      "v_max": 104.17,
      "v_stall": 45,
      "loadfactor": 2,
      "h_hover": 30.5,
      "roc": 5,
      "cL_cruise": 0.4546065494115993,
      "mac1": 0.8887295835315157,
      "y_mac1": 1.704822614562859,
      "x_lemac1": 0.07988477068247023,
      "mac2": 0.8662264478829401,
      "y_mac2": 1.749111096686706,
      "x_lemac2": 0.07801468200551619,
      "cLmax": 1.5,
      "cd": 0.031070561302946578,
      "cd0": 0.02180896555836084,
      "clalpha": 5.15,
      "cm": -2.56,
      "e": 0.7285025349276755,
      "b1": 7.955838867960009,
      "b2": 8.162518451204628,
      "A1": 9.5,
      "A2": 10,
      "S1": 6.6626707466256,
      "S2": 6.6626707466256,
      "S": 13.3253414932512,
      "S1/S": 0.5,
      "S2/S": 0.5,
      "c_root1": 1.1963667470616557,
      "c_root2": 1.166074064457804,
      "c_tip1": 0.4785466988246623,
      "c_tip2": 0.46642962578312164,
      "sweep_le1": 0.04685811297907602,
      "sweep_le2": 0.044602473881331664,
      "sweep1_1/4": 0.1,
      "sweep2_1/4": 0.1,
      "sweep_m": -0.36837,
      "taper1": 0.4,
      "taper2": 0.4,
      "StotS": 1.2,
      "mission_energy": 967048794.1400465,
      "power_hover": 887264.309168815,
      "power_climb": 140905.47687804312,
      "power_cruise": 164441.65042982713,
      "WP_hover": 0.016447085083871625,
      "WP_cruise": 0.060434273605394155,
      "TW": 1.2237037037037035,
      "WS": 1860.46875,
      "ld_climb": 221.6754,
      "ld_cr": 14.631423776965583,
      "ducted_bool": 0,
      "tandem_bool": 1,
      "G": 0.045,
      "n_max": 3.0702387168170113,
      "n_ult": 4.605358075225517,
      "A_tot": 7.84,
      "l_cockpit": 2.103,
      "l_cabin": 3.25,
      "l_tail": 3.942,
      "l_fuselage": 9.295,
      "d_fuselage": 1.7,
      "upsweep": 0.1745,
      "h_wings": 0.3,
      "x_rotor_loc": [
            1.19,
            1.19,
            1.19,
            1.19,
            1.19,
            1.19,
            9.55,
            9.55,
            9.55,
            9.55,
            9.55,
            9.55
      ],
      "y_rotor_loc": [
            4.2,
            2.99,
            1.78,
            -1.78,
            -2.99,
            -4.2,
            4.2,
            2.99,
            1.78,
            -1.78,
            -2.99,
            -4.2
      ],
      "takeoff_energy": 15661504.176190404,
      "trans2hor_energy": 5822666.004060282,
      "climb_energy": 10427005.28897519,
      "cruise_energy": 756892009.6304152,
      "descend_energy": 2755394.7177502145,
      "hor_loiter_energy": 130749114.38020374,
      "trans2ver_energy": 4548026.737104218,
      "ver_loiter_energy": 26617929.27506445,
      "land_energy": 13575143.93028287,
      "Vx_cr": 250.39199879468728,
      "Vy_cr": 0.0,
      "Vz_cr": -29560.495647947137,
      "Mx_cr": 62257.505173272555,
      "Mz_cr": -316.50799184272245,
      "T_cr": 157516.88083419224,
      "Vx_vf": 0.0,
      "Vy_vf": 0.0,
      "Vz_vf": -6804.712127319263,
      "Mx_vf": 20976.594785466827,
      "Mz_vf": 0.0,
      "T_vf": 0.0,
      "thickness_to_chord": 0.17,
      "i_xx": 1.9910095213005538e-05,
      "i_zz": 8.783865535149498e-05,
      "i_xz": 0.0,
      "j_y": 0.00010774875056450054,
      "area_enclosed": 0.11780734978671974,
      "area": 0.005329915401070751,
      "max_shear_cr": 271620411.13188386,
      "max_axial_cr": 259683491.44839144,
      "max_shear_vf": 11694625.04665936,
      "max_axial_vf": 87053316.49760604,
      "crit_buck_stress": 4563367.054008208
}