{
      "name": "W1",
      "mtom": 6.946137494857087e+162,
      "oem": 6.946137494857087e+162,
      "wing1_weight": 1.3372274684898844e+123,
      "wing2_weight": 1.459965108490528e+123,
      "fuselage_weight": 1.9540642314795095e+112,
      "lg_weight": 2.7784493182000797e+161,
      "powertrain_weight": 1.0057018872065197e+162,
      "nacelle_weight": 1.0277158753591161e+162,
      "h2_weight": 3.5199566052228192e+162,
      "misc_weight": 4.834511502616154e+161,
      "l_fuse": 9.295,
      "w_fuse": 1.7,
      "eff": 0.8,
      "diskloading": 320,
      "v_cruise": 83.33,
      "v_max": 104.17,
      "v_stall": 45,
      "loadfactor": 2,
      "h_hover": 30.5,
      "roc": 5,
      "cL_cruise": 0.4318762219410193,
      "mac1": 4.7795772772340496e+79,
      "y_mac1": 9.168516027001856e+79,
      "x_lemac1": 4.136172643760236e+78,
      "mac2": 4.658555677632227e+79,
      "y_mac2": 9.406698964449689e+79,
      "x_lemac2": 4.0314424133355815e+78,
      "cLmax": 1.5,
      "cd": 0.01108376789816732,
      "cd0": 0.0032865522572045904,
      "clalpha": 5.15,
      "cm": -2.56,
      "e": 0.780952380952381,
      "b1": 4.2786408126008656e+80,
      "b2": 4.3897928500765207e+80,
      "A1": 9.5,
      "A2": 10,
      "S1": 1.9270281266582944e+160,
      "S2": 1.9270281266582944e+160,
      "S": 3.854056253316589e+160,
      "S1/S": 0.5,
      "S2/S": 0.5,
      "c_root1": 6.434046334738144e+79,
      "c_root2": 6.27113264296646e+79,
      "c_tip1": 2.5736185338952578e+79,
      "c_tip2": 2.508453057186584e+79,
      "sweep_le1": 0.04511278195488722,
      "sweep_le2": 0.042857142857142864,
      "sweep1_1/4": 0,
      "sweep2_1/4": 0,
      "sweep_m": -0.36837,
      "taper1": 0.4,
      "taper2": 0.4,
      "StotS": 1.2,
      "mission_energy": 3.541076344854156e+167,
      "power_hover": 7.039913210445638e+165,
      "power_climb": 2.9584614144162554e+66,
      "power_cruise": 1.3307283966085708e+66,
      "WP_hover": 0.06638747530150076,
      "WP_cruise": 0.06638747530150076,
      "TW": 1.2249512670565301,
      "WS": 1767.4453125,
      "ld_climb": 221.6754,
      "ld_cr": 38.96474790061503,
      "ducted_bool": 0,
      "tandem_bool": 1,
      "G": 0.045,
      "n_max": 3.144639203878076,
      "n_ult": 4.716958805817114,
      "A_tot": 7.84,
      "l_cockpit": 2.103,
      "l_cabin": 3.25,
      "l_tail": 3.942,
      "l_fuselage": 9.295,
      "d_fuselage": 1.7,
      "upsweep": 0.1745,
      "h_wings": 0.3,
      "x_rotor_loc": [
            1.19,
            1.19,
            1.19,
            1.19,
            1.19,
            1.19,
            9.55,
            9.55,
            9.55,
            9.55,
            9.55,
            9.55
      ],
      "y_rotor_loc": [
            4.2,
            2.99,
            1.78,
            -1.78,
            -2.99,
            -4.2,
            4.2,
            2.99,
            1.78,
            -1.78,
            -2.99,
            -4.2
      ],
      "takeoff_energy": 1.450060275650719e+88,
      "trans2hor_energy": 4.738759070753983e+87,
      "climb_energy": 2.189261446668029e+68,
      "cruise_energy": 6.125076510413251e+69,
      "descend_energy": 5.1701278913634776e+67,
      "hor_loiter_energy": 2.728101671948088e+69,
      "trans2ver_energy": 3.519956605222819e+166,
      "ver_loiter_energy": 2.1119739631336913e+167,
      "land_energy": 1.0771067211981827e+167,
      "Vx_cr": 251.54064745479744,
      "Vy_cr": 0.0,
      "Vz_cr": -37444.66898412065,
      "Mx_cr": 89722.381211106,
      "Mz_cr": -460.3227714160226,
      "T_cr": 237294.25570475654,
      "Vx_vf": 0.0,
      "Vy_vf": 0.0,
      "Vz_vf": -8333.23359340751,
      "Mx_vf": 25419.05129845551,
      "Mz_vf": 0.0,
      "T_vf": 0.0,
      "thickness_to_chord": 0.17,
      "i_xx": 2.8965469004273533e-05,
      "i_zz": 0.0001277888338423832,
      "i_xz": 0.0,
      "j_y": 0.00015675430284665677,
      "area_enclosed": 0.15165736203658672,
      "area": 0.006044130451421159,
      "max_shear_cr": 315440150.0838767,
      "max_axial_cr": 291497901.87472725,
      "max_shear_vf": 12609074.916403227,
      "max_axial_vf": 82162097.54125214,
      "crit_buck_stress": 3554244.095318804,
      "depda": 0.1,
      "depsda": 0.1,
      "cl_alpha1": 5.0173225162565,
      "cl_alpha2": 5.068327251219567,
      "alpha": 4.789408521177055,
      "diskarea": 1.6911809058240642e+62,
      "rotor_direction": [
            -1.0,
            -1.0,
            -1.0,
            1.0,
            1.0,
            1.0,
            -1.0,
            -1.0,
            -1.0,
            1.0,
            1.0,
            1.0
      ],
      "cd_upsweep": 0.003276899118861381,
      "cd_base": 0.0
}