{
      "name": "W1",
      "mtom": 3350.5894213105857,
      "oem": 2840.5894213105857,
      "wing1_weight": 335.102820616594,
      "wing2_weight": 365.8602873372613,
      "fuselage_weight": 254.5757263607961,
      "lg_weight": 136.74236353007828,
      "powertrain_weight": 167.87807109975864,
      "nacelle_weight": 171.55278416859463,
      "h2_weight": 816.7193229666149,
      "misc_weight": 333.92264329356186,
      "l_fuse": 9.295,
      "w_fuse": 1.7,
      "eff": 0.8,
      "diskloading": 320,
      "v_cruise": 83.33,
      "v_max": 104.17,
      "v_stall": 45,
      "loadfactor": 2,
      "h_hover": 30.5,
      "roc": 5,
      "cL_cruise": 0.4318762219410193,
      "mac1": 1.0493668332447461,
      "y_mac1": 2.0129681080031423,
      "x_lemac1": 0.09432388702808817,
      "mac2": 1.022796271589998,
      "y_mac2": 2.0652617022490345,
      "x_lemac2": 0.0921157811326771,
      "cLmax": 1.5,
      "cd": 0.02646717753154193,
      "cd0": 0.018190684538216473,
      "clalpha": 5.15,
      "cm": -2.56,
      "e": 0.7357287832563432,
      "b1": 9.39385117068133,
      "b2": 9.637887943828828,
      "A1": 9.5,
      "A2": 10,
      "S1": 9.288888401780106,
      "S2": 9.288888401780106,
      "S": 18.577776803560212,
      "S1/S": 0.5,
      "S2/S": 0.5,
      "c_root1": 1.4126091985986966,
      "c_root2": 1.3768411348326897,
      "c_tip1": 0.5650436794394786,
      "c_tip2": 0.5507364539330759,
      "sweep_le1": 0.04685811297907603,
      "sweep_le2": 0.04460247388133165,
      "sweep1_1/4": 0.1,
      "sweep2_1/4": 0.1,
      "sweep_m": -0.36837,
      "taper1": 0.4,
      "taper2": 0.4,
      "StotS": 1.2,
      "mission_energy": 1172100138.2754467,
      "power_hover": 1175146.4976983105,
      "power_climb": 183039.53958429888,
      "power_cruise": 195292.58391788404,
      "WP_hover": 0.013576663220980395,
      "WP_cruise": 0.06388575414039054,
      "TW": 1.2249512670565301,
      "WS": 1767.4453125,
      "ld_climb": 221.6754,
      "ld_cr": 16.317426420944816,
      "ducted_bool": 0,
      "tandem_bool": 1,
      "G": 0.045,
      "n_max": 3.1791986492810644,
      "n_ult": 4.768797973921597,
      "A_tot": 7.84,
      "l_cockpit": 2.103,
      "l_cabin": 3.25,
      "l_tail": 3.942,
      "l_fuselage": 9.295,
      "d_fuselage": 1.7,
      "upsweep": 0.1745,
      "h_wings": 0.3,
      "x_rotor_loc": [
            1.19,
            1.19,
            1.19,
            1.19,
            1.19,
            1.19,
            9.55,
            9.55,
            9.55,
            9.55,
            9.55,
            9.55
      ],
      "y_rotor_loc": [
            4.2,
            2.99,
            1.78,
            -1.78,
            -2.99,
            -4.2,
            4.2,
            2.99,
            1.78,
            -1.78,
            -2.99,
            -4.2
      ],
      "takeoff_energy": 20743043.072000634,
      "trans2hor_energy": 7693969.943673335,
      "climb_energy": 13544925.929238116,
      "cruise_energy": 898892682.7306542,
      "descend_energy": 3198749.94554843,
      "hor_loiter_energy": 168787218.76826054,
      "trans2ver_energy": 6005411.54033811,
      "ver_loiter_energy": 35254394.930949315,
      "land_energy": 17979741.414784152,
      "Vx_cr": 250.39199879468728,
      "Vy_cr": 0.0,
      "Vz_cr": -29560.495647947137,
      "Mx_cr": 62257.505173272555,
      "Mz_cr": -316.50799184272245,
      "T_cr": 157516.88083419224,
      "Vx_vf": 0.0,
      "Vy_vf": 0.0,
      "Vz_vf": -6804.712127319263,
      "Mx_vf": 20976.594785466827,
      "Mz_vf": 0.0,
      "T_vf": 0.0,
      "thickness_to_chord": 0.17,
      "i_xx": 1.9910095213005538e-05,
      "i_zz": 8.783865535149498e-05,
      "i_xz": 0.0,
      "j_y": 0.00010774875056450054,
      "area_enclosed": 0.11780734978671974,
      "area": 0.005329915401070751,
      "max_shear_cr": 271620411.13188386,
      "max_axial_cr": 259683491.44839144,
      "max_shear_vf": 11694625.04665936,
      "max_axial_vf": 87053316.49760604,
      "crit_buck_stress": 4563367.054008208,
      "depda": 0.1,
      "depsda": 0.1,
      "cl_alpha1": 4.996018735495839,
      "cl_alpha2": 5.046546070471624,
      "alpha": 4.76895509946015,
      "diskarea": 10.46330950430439,
      "rotor_direction": [
            -1.0,
            -1.0,
            -1.0,
            1.0,
            1.0,
            1.0,
            -1.0,
            -1.0,
            -1.0,
            1.0,
            1.0,
            1.0
      ]
}