{
      "name": "W1",
      "mtom": 4041.401758864709,
      "oem": 3531.401758864709,
      "wing1_weight": 384.2135747294489,
      "wing2_weight": 419.4786799787136,
      "fuselage_weight": 273.7154856271812,
      "lg_weight": 164.1842503974401,
      "powertrain_weight": 247.67563366013584,
      "nacelle_weight": 253.0970498217637,
      "h2_weight": 1077.5570255501918,
      "misc_weight": 390.443535566678,
      "l_fuse": 9.295,
      "w_fuse": 1.7,
      "eff": 0.8,
      "diskloading": 320,
      "v_cruise": 83.33,
      "v_max": 104.17,
      "v_stall": 45,
      "loadfactor": 2,
      "h_hover": 30.5,
      "roc": 5,
      "cL_cruise": 0.4318762219410193,
      "mac1": 1.1518669356383842,
      "y_mac1": 2.2095909005755545,
      "x_lemac1": 0.09968079250716787,
      "mac2": 1.1227010134252635,
      "y_mac2": 2.266992430954859,
      "x_lemac2": 0.09715681846949398,
      "cLmax": 1.5,
      "cd": 0.02487598947528395,
      "cd0": 0.0166404032281365,
      "clalpha": 5.15,
      "cm": -2.56,
      "e": 0.7393832007670513,
      "b1": 10.31142420268592,
      "b2": 10.579298011122674,
      "A1": 9.5,
      "A2": 10,
      "S1": 11.192154640814417,
      "S2": 11.192154640814417,
      "S": 22.384309281628834,
      "S1/S": 0.5,
      "S2/S": 0.5,
      "c_root1": 1.5505901056670557,
      "c_root2": 1.5113282873032392,
      "c_tip1": 0.6202360422668223,
      "c_tip2": 0.6045313149212957,
      "sweep_le1": 0.045112781954887216,
      "sweep_le2": 0.042857142857142864,
      "sweep1_1/4": 0,
      "sweep2_1/4": 0,
      "sweep_m": -0.36837,
      "taper1": 0.4,
      "taper2": 0.4,
      "StotS": 1.2,
      "mission_energy": 1346235699.3242192,
      "power_hover": 1733729.435620951,
      "power_climb": 220543.80931289404,
      "power_cruise": 221160.94778669684,
      "WP_hover": 0.012368529427693599,
      "WP_cruise": 0.06714538349693482,
      "TW": 1.2249512670565301,
      "WS": 1767.4453125,
      "ld_climb": 221.6754,
      "ld_cr": 17.36116757768043,
      "ducted_bool": 0,
      "tandem_bool": 1,
      "G": 0.045,
      "n_max": 3.144639203878076,
      "n_ult": 4.716958805817114,
      "A_tot": 7.84,
      "l_cockpit": 2.103,
      "l_cabin": 3.25,
      "l_tail": 3.942,
      "l_fuselage": 9.295,
      "d_fuselage": 1.7,
      "upsweep": 0.1745,
      "h_wings": 0.3,
      "x_rotor_loc": [
            1.19,
            1.19,
            1.19,
            1.19,
            1.19,
            1.19,
            9.55,
            9.55,
            9.55,
            9.55,
            9.55,
            9.55
      ],
      "y_rotor_loc": [
            4.2,
            2.99,
            1.78,
            -1.78,
            -2.99,
            -4.2,
            4.2,
            2.99,
            1.78,
            -1.78,
            -2.99,
            -4.2
      ],
      "takeoff_energy": 26526060.36500055,
      "trans2hor_energy": 9771366.224669226,
      "climb_energy": 16320241.889154159,
      "cruise_energy": 1017959584.9621652,
      "descend_energy": 3854164.5134862317,
      "hor_loiter_energy": 203371229.38039845,
      "trans2ver_energy": 6943208.369631003,
      "ver_loiter_energy": 40721750.74153261,
      "land_energy": 20768092.878181633,
      "Vx_cr": 251.54064745479744,
      "Vy_cr": 0.0,
      "Vz_cr": -37444.66898412065,
      "Mx_cr": 89722.381211106,
      "Mz_cr": -460.3227714160226,
      "T_cr": 237294.25570475654,
      "Vx_vf": 0.0,
      "Vy_vf": 0.0,
      "Vz_vf": -8333.23359340751,
      "Mx_vf": 25419.05129845551,
      "Mz_vf": 0.0,
      "T_vf": 0.0,
      "thickness_to_chord": 0.17,
      "i_xx": 2.8965469004273533e-05,
      "i_zz": 0.0001277888338423832,
      "i_xz": 0.0,
      "j_y": 0.00015675430284665677,
      "area_enclosed": 0.15165736203658672,
      "area": 0.006044130451421159,
      "max_shear_cr": 315440150.0838767,
      "max_axial_cr": 291497901.87472725,
      "max_shear_vf": 12609074.916403227,
      "max_axial_vf": 82162097.54125214,
      "crit_buck_stress": 3554244.095318804,
      "depda": 0.1,
      "depsda": 0.1,
      "cl_alpha1": 5.0173225162565,
      "cl_alpha2": 5.068327251219567,
      "alpha": 4.789408521177055,
      "diskarea": 12.607211214254207,
      "rotor_direction": [
            -1.0,
            -1.0,
            -1.0,
            1.0,
            1.0,
            1.0,
            -1.0,
            -1.0,
            -1.0,
            1.0,
            1.0,
            1.0
      ],
      "cd_upsweep": 0.003276899118861381,
      "cd_base": 0.0
}