{
  "name": "W1",
  "mtom": 3210.5851238502223,
  "oem": 2735.5851238502223,
  "wing1_weight": 133.96924426776556,
  "wing2_weight": 146.26563307337716,
  "fuselage_weight": 308.7343471160877,
  "lg_weight": 134.6229312299689,
  "powertrain_weight": 145.15752999643016,
  "nacelle_weight": 321.0573278056866,
  "h2_weight": 1229.4581042608434,
  "misc_weight": 316.3200061000629,
  "l_fuse": 10.74,
  "w_fuse": 1.38,
  "eff": 0.8,
  "diskloading": 320,
  "v_cruise": 83.33,
  "v_max": 104.17,
  "v_stall": 45,
  "loadfactor": 2,
  "h_hover": 30.5,
  "roc": 5,
  "cL_cruise": 0.58,
  "mac1": 0.910949875806235,
  "y_mac1": 1.7474471175321524,
  "x_lemac1": 0.08188207445828233,
  "mac2": 0.8878841097912638,
  "y_mac2": 1.7928429140015905,
  "x_lemac2": 0.07996522924508646,
  "cLmax": 1.5,
  "cd": 0.07,
  "cd0": 0.018,
  "clalpha": 5.15,
  "cm": -2.56,
  "e": 0.63,
  "b1": 8.154753215150045,
  "b2": 8.366600265340756,
  "A1": 9.5,
  "A2": 10,
  "S1": 7,
  "S2": 7,
  "S": 14,
  "S1/S": 0.5,
  "S2/S": 0.5,
  "c_root1": 1.2262786789699318,
  "c_root2": 1.1952286093343936,
  "c_tip1": 0.49051147158797276,
  "c_tip2": 0.47809144373375745,
  "sweep_le1": 0.04685811297907602,
  "sweep_le2": 0.04460247388133165,
  "sweep1_1/4": 0.1,
  "sweep2_1/4": 0.1,
  "sweep_m": -0.36837,
  "taper1": 0.4,
  "taper2": 0.4,
  "StotS": 1.2,
  "mission_energy": 1285723558.174,
  "power_hover": 1126826.7530169315,
  "power_climb": 192449.30220455982,
  "power_cruise": 218260.18440572033,
  "WP_hover": 0.014594421013711195,
  "WP_cruise": 0.06285813861608884,
  "TW": 1.2237037037037035,
  "WS": 1860.46875,
  "ld_climb": 221.6754,
  "ld_cr": 14.0,
  "ducted_bool": 0,
  "tandem_bool": 1,
  "G": 0.045,
  "n_max": 4.177486222100619,
  "n_ult": 6.266229333150928,
  "A_tot": 7.84,
  "l_cockpit": 2.103,
  "l_cabin": 3.25,
  "l_tail": 3.942,
  "l_fuselage": 9.295,
  "d_fuselage": 1.7,
  "upsweep": 0.1745,
  "h_wings": 0.3,
  "x_rotor_loc": [
    1.19,
    1.19,
    1.19,
    1.19,
    1.19,
    1.19,
    9.55,
    9.55,
    9.55,
    9.55,
    9.55,
    9.55
  ],
  "y_rotor_loc": [
    4.2,
    2.99,
    1.78,
    -1.78,
    -2.99,
    -4.2,
    4.2,
    2.99,
    1.78,
    -1.78,
    -2.99,
    -4.2
  ],
  "takeoff_energy": 19890129.37390677,
  "trans2hor_energy": 7462288.790077298,
  "climb_energy": 14241248.363137426,
  "cruise_energy": 1004607951.6068034,
  "descend_energy": 58202.71584152544,
  "hor_loiter_energy": 182566091.46307606,
  "trans2ver_energy": 5852393.949490378,
  "ver_loiter_energy": 33804802.59050795,
  "land_energy": 17240449.321159054,
  "Vx_cr": 501.49669010724557,
  "Vy_cr": 0.0,
  "Vz_cr": -6370.932572819003,
  "Mx_cr": 12305.819653227862,
  "Mz_cr": -601.9455727576116,
  "T_cr": 32552.8842674665,
  "Vx_vf": 0.0,
  "Vy_vf": 0.0,
  "Vz_vf": -6369.615706865474,
  "Mx_vf": 19320.30365938326,
  "Mz_vf": 0.0,
  "T_vf": 0.0,
  "thickness_to_chord": 0.17,
  "i_xx": 1.8948812878499096e-05,
  "i_zz": 8.359770387573131e-05,
  "i_xz": 0.0,
  "j_y": 0.00010254651675423039,
  "area_enclosed": 0.11394136380201823,
  "area": 0.0052421295388206945,
  "max_shear_cr": 58310006.52233725,
  "max_axial_cr": 55364189.08204553,
  "max_shear_vf": 11132704.248188876,
  "max_axial_vf": 82868949.51941349,
  "crit_buck_stress": 4716425.250586039
}