{
  "name": "W1",
  "mtom": 3164.6409543486416,
  "oem": 2689.6409543486416,
  "wing1_weight": 310.87281197422857,
  "wing2_weight": 339.406323423234,
  "fuselage_weight": 249.17269666408325,
  "lg_weight": 129.38970364455966,
  "powertrain_weight": 158.6616931358115,
  "nacelle_weight": 162.13466726203526,
  "h2_weight": 776.2345218651168,
  "misc_weight": 319.2557223478774,
  "l_fuse": 9.295,
  "w_fuse": 1.7,
  "eff": 0.8,
  "diskloading": 320,
  "v_cruise": 83.33,
  "v_max": 104.17,
  "v_stall": 45,
  "loadfactor": 2,
  "h_hover": 30.5,
  "roc": 5,
  "cL_cruise": 0.4546065494115993,
  "mac1": 0.9943246206146696,
  "y_mac1": 1.9073823251214093,
  "x_lemac1": 0.08937633648483172,
  "mac2": 0.969147758911138,
  "y_mac2": 1.956932974724413,
  "x_lemac2": 0.0872840518926623,
  "cLmax": 1.5,
  "cd": 0.0284297956260377,
  "cd0": 0.0192311512134348,
  "clalpha": 5.15,
  "cm": -2.56,
  "e": 0.7334880744125736,
  "b1": 8.901117517233242,
  "b2": 9.13235388204726,
  "A1": 9.5,
  "A2": 10,
  "S1": 8.339988742694368,
  "S2": 8.339988742694368,
  "S": 16.679977485388736,
  "S1/S": 0.5,
  "S2/S": 0.5,
  "c_root1": 1.3385139123659016,
  "c_root2": 1.3046219831496089,
  "c_tip1": 0.5354055649463606,
  "c_tip2": 0.5218487932598436,
  "sweep_le1": 0.04685811297907603,
  "sweep_le2": 0.044602473881331664,
  "sweep1_1/4": 0.1,
  "sweep2_1/4": 0.1,
  "sweep_m": -0.36837,
  "taper1": 0.4,
  "taper2": 0.4,
  "StotS": 1.2,
  "mission_energy": 1130053774.4110258,
  "power_hover": 1110701.6177713536,
  "power_climb": 176393.51410372037,
  "power_cruise": 188356.60672534938,
  "WP_hover": 0.014700441660451612,
  "WP_cruise": 0.06513465313512672,
  "TW": 1.2237037037037035,
  "WS": 1860.46875,
  "ld_climb": 221.6754,
  "ld_cr": 15.990496568861843,
  "ducted_bool": 0,
  "tandem_bool": 1,
  "G": 0.045,
  "n_max": 3.0702387168170113,
  "n_ult": 4.605358075225517,
  "A_tot": 7.84,
  "l_cockpit": 2.103,
  "l_cabin": 3.25,
  "l_tail": 3.942,
  "l_fuselage": 9.295,
  "d_fuselage": 1.7,
  "upsweep": 0.1745,
  "h_wings": 0.3,
  "x_rotor_loc": [
    1.19,
    1.19,
    1.19,
    1.19,
    1.19,
    1.19,
    9.55,
    9.55,
    9.55,
    9.55,
    9.55,
    9.55
  ],
  "y_rotor_loc": [
    4.2,
    2.99,
    1.78,
    -1.78,
    -2.99,
    -4.2,
    4.2,
    2.99,
    1.78,
    -1.78,
    -2.99,
    -4.2
  ],
  "takeoff_energy": 19605497.308376215,
  "trans2hor_energy": 7288992.834693836,
  "climb_energy": 13053120.043675307,
  "cruise_energy": 866967767.7089058,
  "descend_energy": 3449806.468280151,
  "hor_loiter_energy": 163680441.65421098,
  "trans2ver_energy": 5693365.107841099,
  "ver_loiter_energy": 33321048.533140607,
  "land_energy": 16993734.751901712,
  "Vx_cr": 250.39199879468728,
  "Vy_cr": 0.0,
  "Vz_cr": -29560.495647947137,
  "Mx_cr": 62257.505173272555,
  "Mz_cr": -316.50799184272245,
  "T_cr": 157516.88083419224,
  "Vx_vf": 0.0,
  "Vy_vf": 0.0,
  "Vz_vf": -6804.712127319263,
  "Mx_vf": 20976.594785466827,
  "Mz_vf": 0.0,
  "T_vf": 0.0,
  "thickness_to_chord": 0.17,
  "i_xx": 2.4642407993726462e-05,
  "i_zz": 0.00010871650585467555,
  "i_xz": 0.0,
  "j_y": 0.00013335891384840204,
  "area_enclosed": 0.1360147378048507,
  "area": 0.00572521067758866,
  "max_shear_cr": 238508877.136994,
  "max_axial_cr": 225270576.46120504,
  "max_shear_vf": 10877019.650449922,
  "max_axial_vf": 75517125.40869303,
  "crit_buck_stress": 3958635.6496011573,
  "depda": 0.1,
  "depsda": 0.1,
  "cl_alpha1": 4.996018735495839,
  "cl_alpha2": 5.046546070471624,
  "alpha": 4.76895509946015,
  "diskarea": 9.889502982339504,
  "rotor_direction": [
    -1.0,
    -1.0,
    -1.0,
    1.0,
    1.0,
    1.0,
    -1.0,
    -1.0,
    -1.0,
    1.0,
    1.0,
    1.0
  ]
}