{
      "name": "W1",
      "mtom": 2523.5482366258298,
      "oem": 2048.5482366258298,
      "wing1_weight": 261.92890602167,
      "wing2_weight": 285.97009312752203,
      "fuselage_weight": 229.17971597737284,
      "lg_weight": 103.75487302610505,
      "powertrain_weight": 126.52906471289664,
      "nacelle_weight": 129.2986819990744,
      "h2_weight": 646.6030493894945,
      "misc_weight": 265.28385237169454,
      "l_fuse": 9.295,
      "w_fuse": 1.7,
      "eff": 0.8,
      "diskloading": 320,
      "v_cruise": 83.33,
      "v_max": 104.17,
      "v_stall": 45,
      "loadfactor": 2,
      "h_hover": 30.5,
      "roc": 5,
      "cL_cruise": 0.4546065494115993,
      "mac1": 0.8879475225051572,
      "y_mac1": 1.7033224109594123,
      "x_lemac1": 0.07981447397252829,
      "mac2": 0.8654641890840398,
      "y_mac2": 1.747571920265849,
      "x_lemac2": 0.07794603092940616,
      "cLmax": 1.5,
      "cd": 0.03109376002684678,
      "cd0": 0.021831645119593898,
      "clalpha": 5.15,
      "cm": -2.56,
      "e": 0.7284617006989015,
      "b1": 7.9488379178105895,
      "b2": 8.155335627907295,
      "A1": 9.5,
      "A2": 10,
      "S1": 6.650949920381409,
      "S2": 6.650949920381409,
      "S": 13.301899840762818,
      "S1/S": 0.5,
      "S2/S": 0.5,
      "c_root1": 1.1953139726030961,
      "c_root2": 1.1650479468438997,
      "c_tip1": 0.4781255890412385,
      "c_tip2": 0.4660191787375599,
      "sweep_le1": 0.046858112979076015,
      "sweep_le2": 0.04460247388133167,
      "sweep1_1/4": 0.1,
      "sweep2_1/4": 0.1,
      "sweep_m": -0.36837,
      "taper1": 0.4,
      "taper2": 0.4,
      "StotS": 1.2,
      "mission_energy": 965911719.3781531,
      "power_hover": 885703.4529902765,
      "power_climb": 140657.59901132146,
      "power_cruise": 164274.93201665962,
      "WP_hover": 0.016461570877136757,
      "WP_cruise": 0.06037540764725818,
      "TW": 1.2237037037037035,
      "WS": 1860.46875,
      "ld_climb": 221.6754,
      "ld_cr": 14.620507427184288,
      "ducted_bool": 0,
      "tandem_bool": 1,
      "G": 0.045,
      "n_max": 3.0702387168170113,
      "n_ult": 4.605358075225517,
      "A_tot": 7.84,
      "l_cockpit": 2.103,
      "l_cabin": 3.25,
      "l_tail": 3.942,
      "l_fuselage": 9.295,
      "d_fuselage": 1.7,
      "upsweep": 0.1745,
      "h_wings": 0.3,
      "x_rotor_loc": [
            1.19,
            1.19,
            1.19,
            1.19,
            1.19,
            1.19,
            9.55,
            9.55,
            9.55,
            9.55,
            9.55,
            9.55
      ],
      "y_rotor_loc": [
            4.2,
            2.99,
            1.78,
            -1.78,
            -2.99,
            -4.2,
            4.2,
            2.99,
            1.78,
            -1.78,
            -2.99,
            -4.2
      ],
      "takeoff_energy": 15633952.796848306,
      "trans2hor_energy": 5812422.895987426,
      "climb_energy": 10408662.32683779,
      "cruise_energy": 756124638.1375184,
      "descend_energy": 2750547.486970085,
      "hor_loiter_energy": 130519103.36667614,
      "trans2ver_energy": 4540025.946855575,
      "ver_loiter_energy": 26571103.589708295,
      "land_energy": 13551262.830751231,
      "Vx_cr": 250.39199879468728,
      "Vy_cr": 0.0,
      "Vz_cr": -29560.495647947137,
      "Mx_cr": 62257.505173272555,
      "Mz_cr": -316.50799184272245,
      "T_cr": 157516.88083419224,
      "Vx_vf": 0.0,
      "Vy_vf": 0.0,
      "Vz_vf": -6804.712127319263,
      "Mx_vf": 20976.594785466827,
      "Mz_vf": 0.0,
      "T_vf": 0.0,
      "thickness_to_chord": 0.17,
      "i_xx": 1.9910095213005538e-05,
      "i_zz": 8.783865535149498e-05,
      "i_xz": 0.0,
      "j_y": 0.00010774875056450054,
      "area_enclosed": 0.11780734978671974,
      "area": 0.005329915401070751,
      "max_shear_cr": 271620411.13188386,
      "max_axial_cr": 259683491.44839144,
      "max_shear_vf": 11694625.04665936,
      "max_axial_vf": 87053316.49760604,
      "crit_buck_stress": 4563367.054008208
}