{
      "name": "W1",
      "mtom": 3210.5851238502223,
      "oem": 2735.5851238502223,
      "wing1_weight": 133.96924426776556,
      "wing2_weight": 146.26563307337716,
      "fuselage_weight": 308.7343471160877,
      "lg_weight": 134.6229312299689,
      "powertrain_weight": 145.15752999643016,
      "nacelle_weight": 321.0573278056866,
      "h2_weight": 1229.4581042608434,
      "misc_weight": 316.3200061000629,
      "l_fuse": 10.74,
      "w_fuse": 1.38,
      "eff": 0.8,
      "diskloading": 320,
      "v_cruise": 83.33,
      "v_max": 104.17,
      "v_stall": 45,
      "loadfactor": 2,
      "h_hover": 30.5,
      "roc": 5,
      "cL_cruise": 0.575,
      "mac1": 0.884,
      "mac2": 0.884,
      "cLmax": 1.5,
      "cd": 0.07,
      "cd0": 0.018,
      "clalpha": 5.15,
      "e": 0.63,
      "b1": 8.15,
      "b2": 8.4,
      "A1": 9.5,
      "A2": 10,
      "S1": 7,
      "S2": 7,
      "S": 14,
      "c_root1": 1.19,
      "c_root2": 1.19,
      "c_tip1": 0.476,
      "c_tip2": 0.476,
      "sweep_le1": 1.08,
      "sweep_le2": 1.08,
      "sweep_m": -0.36837,
      "taper1": 0.4,
      "taper2": 0.4,
      "StotS": 1.2,
      "mission_energy": 1313178541.4381404,
      "power_hover": 1126826.7530169315,
      "power_climb": 192449.30220455982,
      "power_cruise": 223876.52315988674,
      "WP_hover": 0.0165060100133353,
      "WP_cruise": 0.06285813861608884,
      "TW": 1.2237037037037035,
      "WS": 1860.46875,
      "ld_climb": 221.6754,
      "ld_cr": 13.648785225674711,
      "ducted_bool": 0,
      "tandem_bool": 1,
      "G": 0.045,
      "n_max": 4.177486222100619,
      "n_ult": 6.266229333150928,
      "A_tot": 7.84,
      "l_cockpit": 2.103,
      "l_cabin": 3.25,
      "l_tail": 3.942,
      "l_fuselage": 9.295,
      "d_fuselage": 1.7,
      "upsweep": 0.1745,
      "h_wings": 0.3,
      "x_rotor_loc": [
            1.19,
            1.19,
            1.19,
            1.19,
            1.19,
            1.19,
            9.55,
            9.55,
            9.55,
            9.55,
            9.55,
            9.55
      ],
      "y_rotor_loc": [
            4.2,
            2.99,
            1.78,
            -1.78,
            -2.99,
            -4.2,
            4.2,
            2.99,
            1.78,
            -1.78,
            -2.99,
            -4.2
      ],
      "takeoff_energy": 19890129.37390677,
      "trans2hor_energy": 7462288.790077298,
      "climb_energy": 14241248.363137426,
      "cruise_energy": 1030458834.976648,
      "descend_energy": 1656686.271383162,
      "hor_loiter_energy": 182566091.46307606,
      "trans2ver_energy": 5858010.288244544,
      "ver_loiter_energy": 33804802.59050795,
      "land_energy": 17240449.321159054
}