{
      "name": "W1",
      "mtom": 3965.7216751449328,
      "oem": 3455.7216751449328,
      "wing1_weight": 379.3055489765789,
      "wing2_weight": 414.1201702863759,
      "fuselage_weight": 271.8844584355744,
      "lg_weight": 161.46673232886312,
      "powertrain_weight": 243.15127705830602,
      "nacelle_weight": 248.47365877056293,
      "h2_weight": 1038.281045932951,
      "misc_weight": 384.8822674334535,
      "l_fuse": 9.295,
      "w_fuse": 1.7,
      "eff": 0.8,
      "diskloading": 320,
      "v_cruise": 83.33,
      "v_max": 104.17,
      "v_stall": 45,
      "loadfactor": 2,
      "h_hover": 30.5,
      "roc": 5,
      "cL_cruise": 0.4318762219410193,
      "mac1": 1.1421269868435437,
      "y_mac1": 2.1909070564931445,
      "x_lemac1": 0.098837912322999,
      "mac2": 1.1132076856420356,
      "y_mac2": 2.2478232113925722,
      "x_lemac2": 0.09633528048825309,
      "cLmax": 1.5,
      "cd": 0.023022632736755762,
      "cd0": 0.014783462073032501,
      "clalpha": 5.15,
      "cm": -2.56,
      "e": 0.7390615352124859,
      "b1": 10.22423293030134,
      "b2": 10.489841653165335,
      "A1": 9.5,
      "A2": 10,
      "S1": 11.003677790848245,
      "S2": 11.003677790848245,
      "S": 22.00735558169649,
      "S1/S": 0.5,
      "S2/S": 0.5,
      "c_root1": 1.53747863613554,
      "c_root2": 1.498548807595048,
      "c_tip1": 0.614991454454216,
      "c_tip2": 0.5994195230380192,
      "sweep_le1": 0.045112781954887216,
      "sweep_le2": 0.04285714285714285,
      "sweep1_1/4": 0,
      "sweep2_1/4": 0,
      "sweep_m": -0.36837,
      "taper1": 0.4,
      "taper2": 0.4,
      "StotS": 1.2,
      "mission_energy": 1248950030.9253955,
      "power_hover": 1702058.9394081421,
      "power_climb": 216829.83253247588,
      "power_cruise": 201236.71830856454,
      "WP_hover": 0.01247400705380779,
      "WP_cruise": 0.07137782762225134,
      "TW": 1.2249512670565301,
      "WS": 1767.4453125,
      "ld_climb": 221.6754,
      "ld_cr": 18.758767812489427,
      "ducted_bool": 0,
      "tandem_bool": 1,
      "G": 0.045,
      "n_max": 3.144639203878076,
      "n_ult": 4.716958805817114,
      "A_tot": 7.84,
      "l_cockpit": 2.103,
      "l_cabin": 3.25,
      "l_tail": 3.942,
      "l_fuselage": 9.295,
      "d_fuselage": 1.7,
      "upsweep": 0.1745,
      "h_wings": 0.3,
      "x_rotor_loc": [
            1.19,
            1.19,
            1.19,
            1.19,
            1.19,
            1.19,
            9.55,
            9.55,
            9.55,
            9.55,
            9.55,
            9.55
      ],
      "y_rotor_loc": [
            4.2,
            2.99,
            1.78,
            -1.78,
            -2.99,
            -4.2,
            4.2,
            2.99,
            1.78,
            -1.78,
            -2.99,
            -4.2
      ],
      "takeoff_energy": 26041501.772944577,
      "trans2hor_energy": 9594443.85970309,
      "climb_energy": 16045407.607403215,
      "cruise_energy": 926252343.8184352,
      "descend_energy": 3789260.0504881735,
      "hor_loiter_energy": 199946440.3279327,
      "trans2ver_energy": 6826284.141529775,
      "ver_loiter_energy": 40035992.94500586,
      "land_energy": 20418356.401952986,
      "Vx_cr": 251.54064745479744,
      "Vy_cr": 0.0,
      "Vz_cr": -37444.66898412065,
      "Mx_cr": 89722.381211106,
      "Mz_cr": -460.3227714160226,
      "T_cr": 237294.25570475654,
      "Vx_vf": 0.0,
      "Vy_vf": 0.0,
      "Vz_vf": -8333.23359340751,
      "Mx_vf": 25419.05129845551,
      "Mz_vf": 0.0,
      "T_vf": 0.0,
      "thickness_to_chord": 0.17,
      "i_xx": 2.8965469004273533e-05,
      "i_zz": 0.0001277888338423832,
      "i_xz": 0.0,
      "j_y": 0.00015675430284665677,
      "area_enclosed": 0.15165736203658672,
      "area": 0.006044130451421159,
      "max_shear_cr": 315440150.0838767,
      "max_axial_cr": 291497901.87472725,
      "max_shear_vf": 12609074.916403227,
      "max_axial_vf": 82162097.54125214,
      "crit_buck_stress": 3554244.095318804,
      "depda": 0.1,
      "depsda": 0.1,
      "cl_alpha1": 5.0173225162565,
      "cl_alpha2": 5.068327251219567,
      "alpha": 4.789408521177055,
      "diskarea": 12.394904689480537,
      "rotor_direction": [
            -1.0,
            -1.0,
            -1.0,
            1.0,
            1.0,
            1.0,
            -1.0,
            -1.0,
            -1.0,
            1.0,
            1.0,
            1.0
      ],
      "cd_upsweep": 0.003276899118861381,
      "cd_base": 0.0
}