{
      "name": "W1",
      "mtom": 4385.632443869176,
      "oem": 3910.6324438691763,
      "wing1_weight": 376.71551402530883,
      "wing2_weight": 411.29240855718,
      "fuselage_weight": 333.7526996953102,
      "lg_weight": 165.95534957539127,
      "powertrain_weight": 361.5009688233998,
      "nacelle_weight": 369.41392806715254,
      "h2_weight": 1497.3074236763925,
      "misc_weight": 394.6941514490412,
      "l_fuse": 10.74,
      "w_fuse": 1.38,
      "eff": 0.8,
      "diskloading": 1000.0,
      "v_cruise": 83.33,
      "v_max": 104.17,
      "v_stall": 45,
      "loadfactor": 2,
      "h_hover": 30.5,
      "roc": 5,
      "cL_cruise": 0.4546065494115993,
      "mac1": 1.1288451678693985,
      "y_mac1": 2.1654289518263945,
      "x_lemac1": 0.10146791447284334,
      "mac2": 1.1002621698354382,
      "y_mac2": 2.221683227552327,
      "x_lemac2": 0.0990925681294953,
      "cLmax": 1.5,
      "cd": 0.02608657960621201,
      "cd0": 0.016951782861269978,
      "clalpha": 5.15,
      "cm": -2.56,
      "e": 0.7386147897753685,
      "b1": 10.105335108523175,
      "b2": 10.367855061910857,
      "A1": 9.5,
      "A2": 10,
      "S1": 10.74924185847906,
      "S2": 10.74924185847906,
      "S": 21.49848371695812,
      "S1/S": 0.5,
      "S2/S": 0.5,
      "c_root1": 1.519599264439575,
      "c_root2": 1.4811221517015514,
      "c_tip1": 0.60783970577583,
      "c_tip2": 0.5924488606806205,
      "sweep_le1": 0.046858112979076015,
      "sweep_le2": 0.044602473881331664,
      "sweep1_1/4": 0.1,
      "sweep2_1/4": 0.1,
      "sweep_m": -0.36837,
      "taper1": 0.4,
      "taper2": 0.4,
      "StotS": 1.2,
      "mission_energy": 1722943237.6818688,
      "power_hover": 2530506.7817637986,
      "power_climb": 277465.617257845,
      "power_cruise": 271869.925086497,
      "WP_hover": 0.012948641224628727,
      "WP_cruise": 0.06878674058546522,
      "TW": 1.2237037037037035,
      "WS": 1860.46875,
      "ld_climb": 221.6754,
      "ld_cr": 17.426836184508588,
      "ducted_bool": 0,
      "tandem_bool": 1,
      "G": 0.045,
      "n_max": 3.0702387168170113,
      "n_ult": 4.605358075225517,
      "A_tot": 7.84,
      "l_cockpit": 2.103,
      "l_cabin": 3.25,
      "l_tail": 3.942,
      "l_fuselage": 9.295,
      "d_fuselage": 1.7,
      "upsweep": 0.1745,
      "h_wings": 0.3,
      "x_rotor_loc": [
            1.19,
            1.19,
            1.19,
            1.19,
            1.19,
            1.19,
            9.55,
            9.55,
            9.55,
            9.55,
            9.55,
            9.55
      ],
      "y_rotor_loc": [
            4.2,
            2.99,
            1.78,
            -1.78,
            -2.99,
            -4.2,
            4.2,
            2.99,
            1.78,
            -1.78,
            -2.99,
            -4.2
      ],
      "takeoff_energy": 44667121.308641955,
      "trans2hor_energy": 15984426.55316568,
      "climb_energy": 20532455.67708053,
      "cruise_energy": 1251362859.8285131,
      "descend_energy": 5425816.746720816,
      "hor_loiter_energy": 257466100.90124154,
      "trans2ver_energy": 12872499.452604972,
      "ver_loiter_energy": 75915203.45291395,
      "land_energy": 38716753.76098612,
      "Vx_cr": 501.49669010724557,
      "Vy_cr": 0.0,
      "Vz_cr": -6370.932572819003,
      "Mx_cr": 12305.819653227862,
      "Mz_cr": -601.9455727576116,
      "T_cr": 32552.8842674665,
      "Vx_vf": 0.0,
      "Vy_vf": 0.0,
      "Vz_vf": -6369.615706865474,
      "Mx_vf": 19320.30365938326,
      "Mz_vf": 0.0,
      "T_vf": 0.0,
      "thickness_to_chord": 0.17,
      "i_xx": 1.9910095213005538e-05,
      "i_zz": 8.783865535149498e-05,
      "i_xz": 0.0,
      "j_y": 0.00010774875056450054,
      "area_enclosed": 0.11780734978671974,
      "area": 0.005329915401070751,
      "max_shear_cr": 56576115.32755921,
      "max_axial_cr": 53567501.44561178,
      "max_shear_vf": 10946865.347035557,
      "max_axial_vf": 80179672.9398335,
      "crit_buck_stress": 4563367.054008208
}