{
  "name": "W1",
  "mtom": 2510,
  "oem": 2000,
  "l_fuse": 10.74,
  "w_fuse": 1.38,
  "eff": 0.8,
  "diskloading": 320,
  "p_max": 1400000.0,
  "v_cruise": 83.33,
  "v_max": 104.17,
  "v_stall": 40,
  "loadfactor": 2,
  "h_hover": 30.5,
  "roc": 5,
  "cL_cruise": 0.427,
  "mac1":0.884,
  "mac2":0.884,
  "cLmax": 1.5,
  "cd": 0.07,
  "cd0": 0.018,
  "clalpha": 5.15,
  "e": 0.63,
  "b1": 8.15,
  "b2": 8.4,
  "A1": 9.5,
  "A2": 10,
  "S1": 7,
  "S2": 7,
  "S": 14,
  "c_root1": 1.19,
  "c_root2": 1.19,
  "c_tip1": 0.476,
  "c_tip2": 0.476,
  "sweep_le1": 1.08,
  "sweep_le2": 1.08,
  "taper1": 0.4,
  "taper2": 0.4,
  "StotS": 1.2,
  "WP_hover": 0.016379552369781832,
  "WP_cruise": 0.060826688335112455,
  "TW": 1.2299999999999998,
  "WS": 1470.0,
  "ducted_bool": 0,
  "tandem_bool": 1,
  "G": 0.045,
  "n_max": 2.67042869908988,
  "n_ult": 4.00564304863482,
  "A_tot": 7.84
}