{
      "name": "W1",
      "mtom": 6590.2391668596,
      "oem": 6115.2391668596,
      "wing1_weight": 694.1248507139205,
      "wing2_weight": 694.1248507139205,
      "fuselage_weight": 398.1479051560049,
      "lg_weight": 265.35715393646655,
      "powertrain_weight": 581.7606866180547,
      "nacelle_weight": 594.494950146613,
      "h2_weight": 2293.0570073082713,
      "misc_weight": 594.1717622663484,
      "l_fuse": 10.74,
      "w_fuse": 1.38,
      "eff": 0.8,
      "diskloading": 1000.0,
      "v_cruise": 83.33,
      "v_max": 104.17,
      "v_stall": 45,
      "loadfactor": 2,
      "h_hover": 30.5,
      "roc": 5,
      "cL_cruise": 0.4546065494115993,
      "mac1": 1.330813784031628,
      "y_mac1": 2.955942154916405,
      "x_lemac1": 0.12032567501295863,
      "mac2": 1.330813784031628,
      "y_mac2": 2.955942154916405,
      "x_lemac2": 0.12032567501295863,
      "cLmax": 1.5,
      "cd": 0.022069500804736686,
      "cd0": 0.01408242379788598,
      "clalpha": 5.15,
      "cm": -2.56,
      "e": 0.7487570885191923,
      "b1": 13.794396722943222,
      "b2": 13.794396722943222,
      "A1": 11.0,
      "A2": 11.0,
      "S1": 17.2986709954497,
      "S2": 17.2986709954497,
      "S": 34.5973419908994,
      "S1/S": 0.5,
      "S2/S": 0.5,
      "c_root1": 1.7914800938887303,
      "c_root2": 1.7914800938887303,
      "c_tip1": 0.7165920375554922,
      "c_tip2": 0.7165920375554922,
      "sweep_le1": 0.04070636998522777,
      "sweep_le2": 0.04070636998522777,
      "sweep1_1/4": 0.1,
      "sweep2_1/4": 0.1,
      "sweep_m": -0.36837,
      "taper1": 0.4,
      "taper2": 0.4,
      "StotS": 1.2,
      "mission_energy": 2462612237.5835924,
      "power_hover": 4072324.806326383,
      "power_climb": 446523.25147068256,
      "power_cruise": 370144.6207051368,
      "WP_hover": 0.010207202849675098,
      "WP_cruise": 0.08216397990928606,
      "TW": 1.2237037037037035,
      "WS": 1860.46875,
      "ld_climb": 221.6754,
      "ld_cr": 20.59885964045136,
      "ducted_bool": 0,
      "tandem_bool": 1,
      "G": 0.045,
      "n_max": 3.0702387168170113,
      "n_ult": 4.605358075225517,
      "A_tot": 7.84,
      "l_cockpit": 2.103,
      "l_cabin": 3.25,
      "l_tail": 3.942,
      "l_fuselage": 9.295,
      "d_fuselage": 1.7,
      "upsweep": 0.1745,
      "h_wings": 0.3,
      "x_rotor_loc": [
            1.19,
            1.19,
            1.19,
            1.19,
            1.19,
            1.19,
            9.55,
            9.55,
            9.55,
            9.55,
            9.55,
            9.55
      ],
      "y_rotor_loc": [
            4.2,
            2.99,
            1.78,
            -1.78,
            -2.99,
            -4.2,
            4.2,
            2.99,
            1.78,
            -1.78,
            -2.99,
            -4.2
      ],
      "takeoff_energy": 71882449.57224983,
      "trans2hor_energy": 25723612.849591915,
      "climb_energy": 33042720.608830508,
      "cruise_energy": 1703701617.4862123,
      "descend_energy": 8731724.527073305,
      "hor_loiter_energy": 414338185.9492384,
      "trans2ver_energy": 20715612.86381056,
      "ver_loiter_energy": 122169744.18979149,
      "land_energy": 62306569.53679366,
      "Vx_cr": 501.49669010724557,
      "Vy_cr": 0.0,
      "Vz_cr": -6370.932572819003,
      "Mx_cr": 12305.819653227862,
      "Mz_cr": -601.9455727576116,
      "T_cr": 32552.8842674665,
      "Vx_vf": 0.0,
      "Vy_vf": 0.0,
      "Vz_vf": -6369.615706865474,
      "Mx_vf": 19320.30365938326,
      "Mz_vf": 0.0,
      "T_vf": 0.0,
      "thickness_to_chord": 0.17,
      "i_xx": 1.9910095213005538e-05,
      "i_zz": 8.783865535149498e-05,
      "i_xz": 0.0,
      "j_y": 0.00010774875056450054,
      "area_enclosed": 0.11780734978671974,
      "area": 0.005329915401070751,
      "max_shear_cr": 56576115.32755921,
      "max_axial_cr": 53567501.44561178,
      "max_shear_vf": 10946865.347035557,
      "max_axial_vf": 80179672.9398335,
      "crit_buck_stress": 4563367.054008208
}