{
  "name": "W1",
  "mtom": 2510,
  "oem": 2000,
  "l_fuse": 10.74,
  "w_fuse": 1.38,
  "eff": 0.8,
  "diskloading": 320,
  "p_max": 1400000.0,
  "v_cruise": 83.33,
  "v_max": 104.17,
  "v_stall": 45,
  "loadfactor": 2,
  "h_hover": 30.5,
  "roc": 5,
  "cL_cruise": 0.580,
  "mac1":0.884,
  "mac2":0.884,
  "cLmax": 1.5,
  "cd": 0.07,
  "cd0": 0.018,
  "clalpha": 5.15,
  "e": 0.63,
  "b1": 8.15,
  "b2": 8.4,
  "A1": 9.5,
  "A2": 10,
  "S1": 7,
  "S2": 7,
  "S": 14,
  "c_root1": 1.19,
  "c_root2": 1.19,
  "c_tip1": 0.476,
  "c_tip2": 0.476,
  "sweep_le1": 1.08,
  "sweep_le2": 1.08,
  "sweep_m": 0.044028,
  "taper1": 0.4,
  "taper2": 0.4,
  "StotS": 1.2,
  "WP_hover": 0.0165060100133353,
  "WP_cruise": 0.06284723139189605,
  "TW": 1.2237037037037035,
  "WS": 1860.46875,
  "ld_climb": 203.36,
  "ld_cr": 14.00,
  "ducted_bool": 0,
  "tandem_bool": 1,
  "G": 0.045,
  "n_max": 4.177486222100619,
  "n_ult": 6.266229333150928,
  "A_tot": 7.84,
  "l_cockpit": 2.103,
  "l_cabin": 3.25,
  "l_tail": 3.942,
  "l_fuselage": 9.295,
  "d_fuselage": 1.7,
  "upsweep": 0.1745,
  "h_wings": 0.3
}