{
      "name": "W1",
      "mtom": 3350.5894213105857,
      "oem": 2840.5894213105857,
      "wing1_weight": 335.102820616594,
      "wing2_weight": 365.8602873372613,
      "fuselage_weight": 254.5757263607961,
      "lg_weight": 136.74236353007828,
      "powertrain_weight": 167.87807109975864,
      "nacelle_weight": 171.55278416859463,
      "h2_weight": 816.7193229666149,
      "misc_weight": 333.92264329356186,
      "l_fuse": 9.295,
      "w_fuse": 1.7,
      "eff": 0.8,
      "diskloading": 320,
      "v_cruise": 83.33,
      "v_max": 104.17,
      "v_stall": 45,
      "loadfactor": 2,
      "h_hover": 30.5,
      "roc": 5,
      "cL_cruise": 0.4318762219410193,
      "mac1": 1.0493668332447461,
      "y_mac1": 2.0129681080031423,
      "x_lemac1": 0.09432388702808817,
      "mac2": 1.022796271589998,
      "y_mac2": 2.0652617022490345,
      "x_lemac2": 0.0921157811326771,
      "cLmax": 1.5,
      "cd": 0.02646717753154193,
      "cd0": 0.018190684538216473,
      "clalpha": 5.15,
      "cm": -2.56,
      "e": 0.7357287832563432,
      "b1": 9.39385117068133,
      "b2": 9.637887943828828,
      "A1": 9.5,
      "A2": 10,
      "S1": 9.288888401780106,
      "S2": 9.288888401780106,
      "S": 18.577776803560212,
      "S1/S": 0.5,
      "S2/S": 0.5,
      "c_root1": 1.4126091985986966,
      "c_root2": 1.3768411348326897,
      "c_tip1": 0.5650436794394786,
      "c_tip2": 0.5507364539330759,
      "sweep_le1": 0.04685811297907603,
      "sweep_le2": 0.04460247388133165,
      "sweep1_1/4": 0,
      "sweep2_1/4": 0,
      "sweep_m": -0.36837,
      "taper1": 0.4,
      "taper2": 0.4,
      "StotS": 1.2,
      "mission_energy": 1175192885.7418349,
      "power_hover": 1175964.3967267135,
      "power_climb": 183214.9725627825,
      "power_cruise": 195428.50706870272,
      "WP_hover": 0.013576663220980395,
      "WP_cruise": 0.06388575414039054,
      "TW": 1.2249512670565301,
      "WS": 1767.4453125,
      "ld_climb": 221.6754,
      "ld_cr": 16.317426420944816,
      "ducted_bool": 0,
      "tandem_bool": 1,
      "G": 0.045,
      "n_max": 3.135422598117753,
      "n_ult": 4.703133897176629,
      "A_tot": 7.84,
      "l_cockpit": 2.103,
      "l_cabin": 3.25,
      "l_tail": 3.942,
      "l_fuselage": 9.295,
      "d_fuselage": 1.7,
      "upsweep": 0.1745,
      "h_wings": 0.3,
      "x_rotor_loc": [
            1.19,
            1.19,
            1.19,
            1.19,
            1.19,
            1.19,
            9.55,
            9.55,
            9.55,
            9.55,
            9.55,
            9.55
      ],
      "y_rotor_loc": [
            4.2,
            2.99,
            1.78,
            -1.78,
            -2.99,
            -4.2,
            4.2,
            2.99,
            1.78,
            -1.78,
            -2.99,
            -4.2
      ],
      "takeoff_energy": 22421728.519708898,
      "trans2hor_energy": 8243437.124156689,
      "climb_energy": 13557907.969645904,
      "cruise_energy": 899518309.793564,
      "descend_energy": 3207016.352962649,
      "hor_loiter_energy": 168963462.64997184,
      "trans2ver_energy": 6009836.160105027,
      "ver_loiter_energy": 35278931.90180141,
      "land_energy": 17992255.269918717,
      "Vx_cr": 251.54064745479744,
      "Vy_cr": 0.0,
      "Vz_cr": -37444.66898412065,
      "Mx_cr": 89722.381211106,
      "Mz_cr": -460.3227714160226,
      "T_cr": 237294.25570475654,
      "Vx_vf": 0.0,
      "Vy_vf": 0.0,
      "Vz_vf": -8333.23359340751,
      "Mx_vf": 25419.05129845551,
      "Mz_vf": 0.0,
      "T_vf": 0.0,
      "thickness_to_chord": 0.17,
      "i_xx": 2.8965469004273533e-05,
      "i_zz": 0.0001277888338423832,
      "i_xz": 0.0,
      "j_y": 0.00015675430284665677,
      "area_enclosed": 0.15165736203658672,
      "area": 0.006044130451421159,
      "max_shear_cr": 315440150.0838767,
      "max_axial_cr": 291497901.87472725,
      "max_shear_vf": 12609074.916403227,
      "max_axial_vf": 82162097.54125214,
      "crit_buck_stress": 3554244.095318804,
      "depda": 0.1,
      "depsda": 0.1,
      "cl_alpha1": 4.996018735495839,
      "cl_alpha2": 5.046546070471624,
      "alpha": 4.76895509946015,
      "diskarea": 10.47059194159558,
      "rotor_direction": [
            -1.0,
            -1.0,
            -1.0,
            1.0,
            1.0,
            1.0,
            -1.0,
            -1.0,
            -1.0,
            1.0,
            1.0,
            1.0
      ],
      "cd_upsweep": 0.003276899118861381,
      "cd_base": 0.0
}