{
      "name": "W1",
      "mtom": 2895.107199234778,
      "oem": 2420.107199234778,
      "wing1_weight": 128.5787941766507,
      "wing2_weight": 140.38041964669316,
      "fuselage_weight": 298.2168988479464,
      "lg_weight": 122.00204625557262,
      "powertrain_weight": 145.19032237838198,
      "nacelle_weight": 289.5051153961553,
      "h2_weight": 1006.7175885240779,
      "misc_weight": 289.51601400929957,
      "l_fuse": 10.74,
      "w_fuse": 1.38,
      "eff": 0.8,
      "diskloading": 320,
      "v_cruise": 83.33,
      "v_max": 104.17,
      "v_stall": 45,
      "loadfactor": 2,
      "h_hover": 30.5,
      "roc": 5,
      "cL_cruise": 0.58,
      "mac1": 0.884,
      "mac2": 0.884,
      "cLmax": 1.5,
      "cd": 0.07,
      "cd0": 0.018,
      "clalpha": 5.15,
      "e": 0.63,
      "b1": 8.15,
      "b2": 8.4,
      "A1": 9.5,
      "A2": 10,
      "S1": 7,
      "S2": 7,
      "S": 14,
      "c_root1": 1.19,
      "c_root2": 1.19,
      "c_tip1": 0.476,
      "c_tip2": 0.476,
      "sweep_le1": 1.08,
      "sweep_le2": 1.08,
      "sweep_m": -0.36837,
      "taper1": 0.4,
      "taper2": 0.4,
      "StotS": 1.2,
      "mission_energy": 1150552857.833395,
      "power_hover": 1016102.7099750112,
      "power_climb": 166756.53145381674,
      "power_cruise": 196813.54233073103,
      "WP_hover": 0.0165060100133353,
      "WP_cruise": 0.06285813861608884,
      "TW": 1.2237037037037035,
      "WS": 1860.46875,
      "ld_climb": 221.6754,
      "ld_cr": 14.0,
      "ducted_bool": 0,
      "tandem_bool": 1,
      "G": 0.045,
      "n_max": 4.177486222100619,
      "n_ult": 6.266229333150928,
      "A_tot": 7.84,
      "l_cockpit": 2.103,
      "l_cabin": 3.25,
      "l_tail": 3.942,
      "l_fuselage": 9.295,
      "d_fuselage": 1.7,
      "upsweep": 0.1745,
      "h_wings": 0.3,
      "x_rotor_loc": [
            1.19,
            1.19,
            1.19,
            1.19,
            1.19,
            1.19,
            9.55,
            9.55,
            9.55,
            9.55,
            9.55,
            9.55
      ],
      "y_rotor_loc": [
            4.2,
            2.99,
            1.78,
            -1.78,
            -2.99,
            -4.2,
            4.2,
            2.99,
            1.78,
            -1.78,
            -2.99,
            -4.2
      ]
}