{
  "name": "W1",
  "mtom": 2510,
  "oem": 2000,
  "eff": 0.9,
  "diskloading": 300,
  "v_cruise": 83.33,
  "v_max": 104.17,
  "v_stall": 40,
  "loadfactor": 2,
  "h_hover": 30.5,
  "roc": 5,
  "cL_cruise": 0.427,
  "cLmax": 1.8,
  "cd": 0.07,
  "cd0": 0.018,
  "e": 0.63,
  "b1": 8.4,
  "b2": 8.4,
  "A1": 9.5,
  "A2": 10,
  "S1": 7,
  "S2": 7,
  "S": 14,
  "c_root1": 1.19,
  "c_root2": 1.19,
  "c_tip1": 0.476,
  "c_tip2": 0.476,
  "sweep_le1": 1.08,
  "sweep_le2": 1.08,
  "taper1": 0.4,
  "taper2": 0.4,
  "StotS": 1.2,
  "WP_hover": 0.06639400022069858,
  "WP_cruise": 0.06822382182812936,
  "TW": 1.2249999999999999,
  "WS": 1764.0,
  "nrotf": 6,
  "nrotr": 6
}