{"Cruise": {"Totals": {"Surfaces": 2.0, "Strips": 24.0, "Vortices": 192.0, "Sref": 11.975, "Cref": 1.224, "Bref": 10.03, "Xref": 0.0, "Yref": 0.0, "Zref": 0.0, "Alpha": 3.1493, "pb/2V": -0.0, "p'b/2V": -0.0, "Beta": 0.0, "qc/2V": 0.0, "Mach": 0.246, "rb/2V": -0.0, "r'b/2V": -0.0, "CXtot": -0.00337, "Cltot": -0.0, "Cl'tot": -0.0, "CYtot": 0.0, "Cmtot": -0.25077, "CZtot": -0.453, "Cntot": -0.0, "Cn'tot": 0.0, "CLtot": 0.45213, "CDtot": 0.02825, "CDvis": 0.02038, "CDind": 0.0078648, "CLff": 0.45256, "CDff": 0.007813, "CYff": 0.0, "e": 0.9934}, "SurfaceForces": {"Wing": {"Area": 11.976, "CL": 0.4522, "CD": 0.0078, "Cm": -0.2508, "CY": 0.0, "Cn": 0.0, "Cl": 0.0, "CDi": 0.0078, "CDv": 0.0}}, "StripForces": {}, "ElementForces": {"Wing": {"1": {"X": [0.0188, 0.13145, 0.34152, 0.62066, 0.93115, 1.23107, 1.47991, 1.64406], "Y": [0.04272, 0.04272, 0.04272, 0.04272, 0.04272, 0.04272, 0.04272, 0.04272], "Z": [0.0, 0.0, 0.0, 0.0, 0.0, 0.0, 0.0, 0.0], "DX": [0.08918, 0.1884, 0.2658, 0.3073, 0.3073, 0.2658, 0.1884, 0.08918], "Slope": [0.09156, 0.06738, 0.03072, -0.00599, -0.02631, -0.04459, -0.05835, -0.06572], "dCp": [0.76573, 0.52804, 0.51399, 0.48373, 0.39513, 0.32269, 0.23763, 0.13658]}, "2": {"X": [0.03564, 0.14601, 0.35184, 0.62534, 0.92956, 1.22342, 1.46724, 1.62807], "Y": [0.21068, 0.21068, 0.21068, 0.21068, 0.21068, 0.21068, 0.21068, 0.21068], "Z": [0.0, 0.0, 0.0, 0.0, 0.0, 0.0, 0.0, 0.0], "DX": [0.08737, 0.18457, 0.26039, 0.30105, 0.30105, 0.26039, 0.18457, 0.08737], "Slope": [0.09156, 0.06738, 0.03072, -0.00599, -0.02631, -0.04459, -0.05835, -0.06572], "dCp": [0.83127, 0.53712, 0.51747, 0.48719, 0.39849, 0.32614, 0.24148, 0.14091]}, "3": {"X": [0.06818, 0.17415, 0.37178, 0.63439, 0.92649, 1.20865, 1.44275, 1.59718], "Y": [0.53517, 0.53517, 0.53517, 0.53517, 0.53517, 0.53517, 0.53517, 0.53517], "Z": [0.0, 0.0, 0.0, 0.0, 0.0, 0.0, 0.0, 0.0], "DX": [0.08387, 0.17717, 0.24996, 0.28899, 0.28899, 0.24996, 0.17717, 0.08387], "Slope": [0.09156, 0.06738, 0.03072, -0.00599, -0.02631, -0.04459, -0.05835, -0.06572], "dCp": [0.89455, 0.56287, 0.5299, 0.49453, 0.4042, 0.33154, 0.24653, 0.14431]}, "4": {"X": [0.11418, 0.21394, 0.39998, 0.64718, 0.92215, 1.18776, 1.40813, 1.5535], "Y": [0.99405, 0.99405, 0.99405, 0.99405, 0.99405, 0.99405, 0.99405, 0.99405], "Z": [0.0, 0.0, 0.0, 0.0, 0.0, 0.0, 0.0, 0.0], "DX": [0.07892, 0.16671, 0.2352, 0.27193, 0.27193, 0.2352, 0.16671, 0.07892], "Slope": [0.09156, 0.06738, 0.03072, -0.00599, -0.02631, -0.04459, -0.05835, -0.06572], "dCp": [0.9566, 0.59051, 0.54688, 0.50597, 0.41258, 0.33801, 0.25128, 0.14705]}, "5": {"X": [0.17053, 0.26268, 0.43452, 0.66285, 0.91683, 1.16217, 1.36572, 1.5], "Y": [1.55608, 1.55608, 1.55608, 1.55608, 1.55608, 1.55608, 1.55608, 1.55608], "Z": [0.0, 0.0, 0.0, 0.0, 0.0, 0.0, 0.0, 0.0], "DX": [0.07285, 0.1539, 0.21713, 0.25103, 0.25103, 0.21713, 0.1539, 0.07285], "Slope": [0.09156, 0.06738, 0.03072, -0.00599, -0.02631, -0.04459, -0.05835, -0.06572], "dCp": [1.01453, 0.61644, 0.56353, 0.51789, 0.42141, 0.3445, 0.25573, 0.14954]}, "6": {"X": [0.23338, 0.31703, 0.47304, 0.68033, 0.9109, 1.13363, 1.31842, 1.44033], "Y": [2.18293, 2.18293, 2.18293, 2.18293, 2.18293, 2.18293, 2.18293, 2.18293], "Z": [0.0, 0.0, 0.0, 0.0, 0.0, 0.0, 0.0, 0.0], "DX": [0.06609, 0.13961, 0.19697, 0.22773, 0.22773, 0.19697, 0.13961, 0.06609], "Slope": [0.09156, 0.06738, 0.03072, -0.00599, -0.02631, -0.04459, -0.05835, -0.06572], "dCp": [1.06218, 0.63756, 0.57696, 0.52747, 0.42847, 0.34963, 0.2592, 0.15146]}, "7": {"X": [0.29844, 0.3733, 0.51291, 0.69842, 0.90476, 1.10408, 1.26946, 1.37855], "Y": [2.83189, 2.83189, 2.83189, 2.83189, 2.83189, 2.83189, 2.83189, 2.83189], "Z": [0.0, 0.0, 0.0, 0.0, 0.0, 0.0, 0.0, 0.0], "DX": [0.05909, 0.12482, 0.1761, 0.2036, 0.2036, 0.1761, 0.12482, 0.05909], "Slope": [0.09156, 0.06738, 0.03072, -0.00599, -0.02631, -0.04459, -0.05835, -0.06572], "dCp": [1.09058, 0.6497, 0.58419, 0.53222, 0.4317, 0.35183, 0.26064, 0.15224]}, "8": {"X": [0.36129, 0.42766, 0.55143, 0.7159, 0.89884, 1.07554, 1.22216, 1.31888], "Y": [3.45875, 3.45875, 3.45875, 3.45875, 3.45875, 3.45875, 3.45875, 3.45875], "Z": [0.0, 0.0, 0.0, 0.0, 0.0, 0.0, 0.0, 0.0], "DX": [0.05232, 0.11053, 0.15594, 0.18029, 0.18029, 0.15594, 0.11053, 0.05232], "Slope": [0.09156, 0.06738, 0.03072, -0.00599, -0.02631, -0.04459, -0.05835, -0.06572], "dCp": [1.08523, 0.64611, 0.58045, 0.52826, 0.42792, 0.34865, 0.25833, 0.15093]}, "9": {"X": [0.41764, 0.47639, 0.58597, 0.73157, 0.89352, 1.04996, 1.17975, 1.26537], "Y": [4.02077, 4.02077, 4.02077, 4.02077, 4.02077, 4.02077, 4.02077, 4.02077], "Z": [0.0, 0.0, 0.0, 0.0, 0.0, 0.0, 0.0, 0.0], "DX": [0.04626, 0.09772, 0.13787, 0.1594, 0.1594, 0.13787, 0.09772, 0.04626], "Slope": [0.09156, 0.06738, 0.03072, -0.00599, -0.02631, -0.04459, -0.05835, -0.06572], "dCp": [1.0209, 0.61452, 0.55657, 0.50782, 0.41059, 0.33503, 0.24879, 0.14561]}, "10": {"X": [0.46365, 0.51619, 0.61417, 0.74436, 0.88918, 1.02906, 1.14513, 1.22169], "Y": [4.47965, 4.47965, 4.47965, 4.47965, 4.47965, 4.47965, 4.47965, 4.47965], "Z": [0.0, 0.0, 0.0, 0.0, 0.0, 0.0, 0.0, 0.0], "DX": [0.04131, 0.08726, 0.12311, 0.14234, 0.14234, 0.12311, 0.08726, 0.04131], "Slope": [0.09156, 0.06738, 0.03072, -0.00599, -0.02631, -0.04459, -0.05835, -0.06572], "dCp": [0.85847, 0.534, 0.49492, 0.45457, 0.3655, 0.29996, 0.22464, 0.13232]}, "11": {"X": [0.49618, 0.54432, 0.63411, 0.75341, 0.88611, 1.01429, 1.12064, 1.1908], "Y": [4.80414, 4.80414, 4.80414, 4.80414, 4.80414, 4.80414, 4.80414, 4.80414], "Z": [0.0, 0.0, 0.0, 0.0, 0.0, 0.0, 0.0, 0.0], "DX": [0.03781, 0.07987, 0.11268, 0.13027, 0.13027, 0.11268, 0.07987, 0.03781], "Slope": [0.09156, 0.06738, 0.03072, -0.00599, -0.02631, -0.04459, -0.05835, -0.06572], "dCp": [0.56682, 0.37949, 0.3666, 0.33832, 0.26609, 0.22329, 0.1731, 0.1048]}, "12": {"X": [0.51302, 0.55889, 0.64443, 0.75809, 0.88452, 1.00664, 1.10797, 1.17481], "Y": [4.9721, 4.9721, 4.9721, 4.9721, 4.9721, 4.9721, 4.9721, 4.9721], "Z": [0.0, 0.0, 0.0, 0.0, 0.0, 0.0, 0.0, 0.0], "DX": [0.03599, 0.07604, 0.10728, 0.12403, 0.12403, 0.10728, 0.07604, 0.03599], "Slope": [0.09156, 0.06738, 0.03072, -0.00599, -0.02631, -0.04459, -0.05835, -0.06572], "dCp": [0.19952, 0.13874, 0.14096, 0.1301, 0.09698, 0.08589, 0.07397, 0.05383]}, "13": {"X": [0.0188, 0.13145, 0.34152, 0.62066, 0.93115, 1.23107, 1.47991, 1.64406], "Y": [-0.04272, -0.04272, -0.04272, -0.04272, -0.04272, -0.04272, -0.04272, -0.04272], "Z": [0.0, 0.0, 0.0, 0.0, 0.0, 0.0, 0.0, 0.0], "DX": [0.08918, 0.1884, 0.2658, 0.3073, 0.3073, 0.2658, 0.1884, 0.08918], "Slope": [0.09156, 0.06738, 0.03072, -0.00599, -0.02631, -0.04459, -0.05835, -0.06572], "dCp": [0.76573, 0.52804, 0.51399, 0.48373, 0.39513, 0.32269, 0.23763, 0.13658]}, "14": {"X": [0.03564, 0.14601, 0.35184, 0.62534, 0.92956, 1.22342, 1.46724, 1.62807], "Y": [-0.21068, -0.21068, -0.21068, -0.21068, -0.21068, -0.21068, -0.21068, -0.21068], "Z": [0.0, 0.0, 0.0, 0.0, 0.0, 0.0, 0.0, 0.0], "DX": [0.08737, 0.18457, 0.26039, 0.30105, 0.30105, 0.26039, 0.18457, 0.08737], "Slope": [0.09156, 0.06738, 0.03072, -0.00599, -0.02631, -0.04459, -0.05835, -0.06572], "dCp": [0.83127, 0.53712, 0.51747, 0.48719, 0.39849, 0.32614, 0.24148, 0.14091]}, "15": {"X": [0.06818, 0.17415, 0.37178, 0.63439, 0.92649, 1.20865, 1.44275, 1.59718], "Y": [-0.53517, -0.53517, -0.53517, -0.53517, -0.53517, -0.53517, -0.53517, -0.53517], "Z": [0.0, 0.0, 0.0, 0.0, 0.0, 0.0, 0.0, 0.0], "DX": [0.08387, 0.17717, 0.24996, 0.28899, 0.28899, 0.24996, 0.17717, 0.08387], "Slope": [0.09156, 0.06738, 0.03072, -0.00599, -0.02631, -0.04459, -0.05835, -0.06572], "dCp": [0.89455, 0.56287, 0.5299, 0.49453, 0.4042, 0.33154, 0.24653, 0.14431]}, "16": {"X": [0.11418, 0.21394, 0.39998, 0.64718, 0.92215, 1.18776, 1.40813, 1.5535], "Y": [-0.99405, -0.99405, -0.99405, -0.99405, -0.99405, -0.99405, -0.99405, -0.99405], "Z": [0.0, 0.0, 0.0, 0.0, 0.0, 0.0, 0.0, 0.0], "DX": [0.07892, 0.16671, 0.2352, 0.27193, 0.27193, 0.2352, 0.16671, 0.07892],