{
    "Wing": {
        "aspect_ratio": 7.899999,
        "quarterchord_sweep": 0.0,
        "taper": 0.45,
        "washout": 0.0,
        "label": "Wing",
        "surface": 13.408777866815766,
        "span": 10.292197614652892,
        "chord_root": 1.7969792959341566,
        "chord_tip": 0.8086406831703705,
        "chord_mac": 1.3652911662212384,
        "y_mac": 2.2477213181425855,
        "sweep_LE": 0.048013973777412663,
        "x_lemac": 0.10792203242822952,
        "x_lewing": 6.035654782403807,
        "thickness_to_chord": 0.12,
        "wing_weight": 234.05185631921344
    },
    "Veetail": {
        "label": "Vtail",
        "surface": 4.795452077559413,
        "quarterchord_sweep": 0.0,
        "length_wing2vtail": 5.132030989019177,
        "shs": 0.35763528378132553,
        "virtual_hor_surface": 3.9559375258834306,
        "virtual_ver_surface": null,
        "rudder_max": 0.05235987755982946,
        "elevator_min": -0.2967059728390364,
        "dihedral": 0.5213890064326346,
        "taper": 1.0,
        "c_control_surface_to_c_vee_ratio": 0.19095645585791118,
        "cL_cruise": 0.1586271565775992,
        "max_clh": -0.64,
        "ruddervator_efficiency": 0.40460860781054825,
        "span": 4.89665808361142,
        "vtail_weight": 73.86688423153753,
        "thickness_to_chord": 0.12,
        "aspect_ratio": 5.0,
        "chord_root": 0.979331616722284,
        "chord_tip": 0.979331616722284,
        "chord_mac": 0.979331616722284
    },
    "Fuselage": {
        "label": "Fuselage",
        "length_fuselage": 11.534911093342656,
        "length_tail": 6.375911093342656,
        "diameter_fuselage": 2.0,
        "upsweep": 0.27647478226880545,
        "volume_fuselage": 8.0,
        "length_cabin": 2.7,
        "height_cabin": 1.6,
        "height_fuselage_outer": 2.009110359905378,
        "height_fuselage_inner": 1.809110359905378,
        "width_fuselage_inner": 2.08,
        "width_fuselage_outer": 2.2,
        "length_cockpit": 2.103,
        "length_tank": 3.101010101010101,
        "tank_radius": 0.22623893539701845,
        "limit_fuselage": 11.534911093342656,
        "volume_powersys": 0.9487759989199991,
        "crash_box_area": 1.0743674319465963,
        "fuselage_weight": 340.1492841572123,
        "bc": 0.9049557415880738,
        "hc": 0.4646126040778234,
        "bf": 1.8099114831761476,
        "hf": 0.9292252081556468
    },
    "AircraftParameters": {
        "label": "Aircraft",
        "MTOM": 2737.941397501243,
        "Stots": 12.0,
        "prop_eff": 0.9,
        "glide_slope": 0.17453292519943295,
        "mission_energy": 1127145886.716959,
        "mission_time": 5902.387322804918,
        "climb_energy": 136577881.35851178,
        "cruise_energy": 798337658.3363204,
        "descend_energy": 0,
        "hover_energy": 23368755.78653812,
        "hor_loiter_energy": 168861591.23558855,
        "cruisePower": 198433.32962702666,
        "hoverPower": 778958.5262179374,
        "max_thrust": 32220.01644189324,
        "TW_max": 1.2352253181974544,
        "v_stall": 45.0,
        "v_approach": null,
        "OEM": 2227.941397501243,
        "wing_loading_cruise": 2003.1046875,
        "turn_loadfactor": 0.9,
        "v_max": 90.0,
        "max_thrust_per_engine": null,
        "n_max": 2.5,
        "n_ult": 3.75,
        "oem_cg": 5.594059933023984,
        "cg_front": 5.519634711532013,
        "cg_rear": 6.412737369435666,
        "cg_front_bar": -0.4068839213132485,
        "cg_rear_bar": 0.2472642047421796,
        "wing_loc": 0.5550847457627119,
        "oem_mass": null,
        "powersystem_mass": 584.9982295962777,
        "misc_mass": 282.82990257717046,
        "lg_mass": 112.32962798235167
    },
    "Aero": {
        "label": "Aero",
        "cd0_cruise": 0.029750955528747902,
        "cL_max": 1.7,
        "cL_max_flaps60": 2.1,
        "cL_alpha": 4.855656816074961,
        "e": 0.8133979542026714,
        "v_stall_flaps20": 42.0,
        "cL_descent_trans_flaps20": 1.83,
        "alpha_descent_trans_flaps20": 0.2219,
        "cdi_climb_clean": 0.013,
        "alpha_climb_clean": 0.0873,
        "cl_climb_clean": 0.592,
        "ld_climb": 220.449,
        "cL_alpha0_approach": 0.798,
        "alpha_approach": 0.2,
        "cd_cruise": 0.047396574382619565,
        "cd_upsweep": 0.011105719828067623,
        "cd_base": 0.0,
        "cL_cruise": 0.5968407115940274,
        "cm_ac": -0.054,
        "cm_alpha": null,
        "alpha_zero_L": null,
        "ld_cruise": 12.592486258097384,
        "ld_max": 13.826887526089608,
        "cl_ld_max": 0.8474719878741281,
        "downwash_angle": 0.09530224102729465,
        "downwash_angle_wing": 0.05271264331632115,
        "downwash_angle_prop": 0.0786014329433922,
        "downwash_angle_stall": 0.22197201625968602,
        "downwash_angle_wing_stall": 0.1517455318010746,
        "downwash_angle_prop_stall": 0.4004370786386418,
        "ld_stall": 6.290966222578932,
        "cd_stall": 0.33381199734674805,
        "cd0_stall": 0.11535869983353658,
        "mach_stall": null,
        "deps_da": 0.39129209218187705,
        "mach_cruise": null,
        "cL_plus_slipstream": null,
        "cL_plus_slipstream_stall": null,
        "delta_alpha_zero_L_flaps60": null,
        "cd_tot_cruise": null
    },
    "Power": {
        "label": "Power",
        "battery_mass": 225.80872572958464,
        "fuelcell_mass": 42,
        "cooling_mass": 50.0,
        "h2_tank_mass": 267.18950386669303,
        "nu_FC_cruise_fraction": 0.8448448448448448,
        "battery_power": 858073.1577724216,
        "battery_energy": 243873423.7879514,
        "battery_volume": 79.697197316324,
        "fuelcell_volume": 0.039040559999999995,
        "h2_tank_volume": null,
        "h2_tank_length": 1.5,
        "powersystem_mass": 584.9982295962777
    },
    "Engine": {
        "label": "Engine",
        "x_rotor_loc": [
            3.1248466424192243,
            3.1248466424192243,
            5.8358679674218426,
            5.8358679674218426,
            6.8,
            6.8
        ],
        "y_rotor_loc": [
            2.3,
            -2.3,
            4.697732064997583,
            -4.697732064997583,
            2.3,
            -2.3
        ],
        "pylon_length": 2.2,
        "total_disk_area": 40.0,
        "totalmass": 599.71561263748,
        "mass_perpowertrain": 99.95260210624667,
        "mass_pernacelle": 18.95260210624667,
        "mass_pertotalengine": 81.0,
        "thrust_coefficient": null,
        "thrust_per_engine": null,
        "hub_radius": null,
        "prop_radius": null,
        "prop_area": null
    },
    "Stability": {
        "label": "Stability",
        "Cm_de": -2.5621652705609894,
        "Cn_dr": -0.1493242619379508,
        "Cxa": null,
        "Cxq": null,
        "Cza": null,
        "Czq": null,
        "Cma": null,
        "Cmq": null,
        "Cz_adot": null,
        "Cm_adot": null,
        "muc": null,
        "Cxu": null,
        "Czu": null,
        "Cx0": null,
        "Cz0": null,
        "Cmu": null,
        "Cyb": null,
        "Cyp": null,
        "Cyr": null,
        "Clb": null,
        "Clp": null,
        "Clr": null,
        "Cnb": null,
        "Cnp": null,
        "Cnr": null,
        "Cy_dr": null,
        "Cy_beta_dot": null,
        "Cn_beta_dot": null,
        "mub": null,
        "sym_eigvals": null,
        "asym_eigvals": null,
        "cg_front_bar": -0.4068839213132485,
        "cg_rear_bar": 0.2472642047421796
    }
}