{
      "name": "J1",
      "mtom": 2158.357544564419,
      "oem": 1648.357544564419,
      "wing_weight": 246.3421659957196,
      "fuselage_weight": 270.3686902143373,
      "lg_weight": 89.14510547089802,
      "hortail_weight": 32.633778950919755,
      "nacelle_weight": 83.82106506170351,
      "powertrain_weight": 82.02559222971912,
      "h2_weight": 460.82946659567654,
      "misc_weight": 233.34099417595237,
      "l_fuse": 9.295,
      "w_fuse": 1.7,
      "eff": 0.9,
      "v_cruise": 83.33,
      "v_max": 104.17,
      "v_stall": 45,
      "loadfactor": 2,
      "h_hover": 30.5,
      "roc": 5,
      "cL_cruise": 0.4318762219410193,
      "mac": 1.2239981157722837,
      "y_mac": 2.0760891117522196,
      "x_lemac": 0.10954637660063087,
      "cLmax": 1.59,
      "cLmax_flaps60": 2.01,
      "cLmax_flaps20": 1.83,
      "cd": 0.029224632918022964,
      "cd0": 0.020384032902470386,
      "clalpha": 6.21,
      "cm_ac": -0.054,
      "cm_alpha": -1.5961,
      "e": 0.799480152200161,
      "A": 8.4,
      "A_h": 6,
      "S": 11.975442585617959,
      "S_h": 3.25,
      "c_root": 1.7057214206953435,
      "c_tip": 0.6822885682781374,
      "t_r_h": 0.14877,
      "sweep_le": 0.0510204081632653,
      "sweep_1/4": 0,
      "sweep_m": -0.255,
      "b": 10.02964195368862,
      "taper": 0.4,
      "StotS": 1.2,
      "diskloading": 120,
      "mission_energy": 766107537.1173474,
      "wp_hover": 0.06822382182812936,
      "power_hover": 574179.1456080339,
      "power_climb": 108362.66138047453,
      "power_cruise": 135033.7496496614,
      "wp_cruise": 0.06822382182812936,
      "tw": 1.2333333333333332,
      "WP_hover": 0.05074320276750537,
      "WP_cruise": 0.06253341164633416,
      "TW": 1.2249512670565301,
      "WS": 1767.4453125,
      "ld_climb": 220.449,
      "ld_cr": 14.77781511071365,
      "ducted_bool": 0,
      "tandem_bool": 0,
      "G": 0.045,
      "n_max": 3.0677620390056575,
      "n_ult": 4.601643058508486,
      "A_tot": 55.78,
      "l_cockpit": 2.103,
      "l_cabin": 3.25,
      "l_tail": 3.942,
      "l_fuselage": 9.295,
      "d_fuselage": 1.7,
      "upsweep": 0.1745,
      "h_wings": 0,
      "x_rotor_loc": [
            0.57,
            0.57,
            3.4,
            3.4,
            6.8,
            6.8
      ],
      "y_rotor_loc": [
            2.3,
            -2.3,
            5.0,
            -5.0,
            2.3,
            -2.3
      ],
      "ww": 400,
      "w_eng": 120,
      "takeoff_energy": 8784940.927802918,
      "trans2hor_energy": 3412709.034942542,
      "climb_energy": 8018836.942155115,
      "cruise_energy": 621533327.3116069,
      "descend_energy": 1918228.1002427156,
      "hor_loiter_energy": 99993238.13400407,
      "trans2ver_energy": 2301274.0222079493,
      "ver_loiter_energy": 13341048.108864332,
      "land_energy": 6803934.53552081,
      "Vx_cr": 243.5386415938744,
      "Vy_cr": 0.0,
      "Vz_cr": -44414.17200228855,
      "Mx_cr": 107101.53450482027,
      "Mz_cr": -30.47318162041251,
      "T_cr": 15557.50040923899,
      "Vx_vf": 0.0,
      "Vy_vf": 0.0,
      "Vz_vf": -6504.521187161524,
      "Mx_vf": 24550.864965631103,
      "Mz_vf": 0.0,
      "T_vf": 578.3028458404551,
      "thickness_to_chord": 0.17,
      "i_xx": 4.9642701127511575e-05,
      "i_zz": 0.0002190119167390216,
      "i_xz": 0.0,
      "j_y": 0.00026865461786653317,
      "area_enclosed": 0.2179052380944594,
      "area": 0.00724019802976017,
      "max_shear_cr": 66241363.70168735,
      "max_axial_cr": 241795491.1286847,
      "max_shear_vf": 8400622.559570273,
      "max_axial_vf": 55410969.88841483,
      "crit_buck_stress": 2481784.252433136,
      "depda": 0.1,
      "depsda": 0.1,
      "cl_alpha": 4.8866469811700375,
      "diskarea": 17.986043367734602,
      "rotor_direction": [
            -1.0,
            1.0,
            -1.0,
            1.0,
            -1.0,
            1.0
      ],
      "cd_upsweep": 0.003276899118861381,
      "cd_base": 0.0,
      "cL0": 0.171,
      "cL0_approach": 0.798,
      "cL_approach": 1.638,
      "h_fuselage": 1.8,
      "w_fuselage": 1.7,
      "mach_cruise": 0.2459,
      "material": {
            "youngsmodulus": 70000000000.0,
            "poisson": 0.3,
            "beta": 1.42,
            "sigma_yield": 430000000.0,
            "ultimate_tensile_stress": 640000000.0,
            "m_crip": 0.85,
            "pb": 2.5,
            "rho": 2710,
            "g": 5
      },
      "alpha_zero_L": -0.0352
}