{
    "name": "Aetheria",
    "mtom": 2467.5911755490242,
    "oem": 1957.5911755490242,
    "wing_weight": 268.5834636555081,
    "fuselage_weight": 210.36275910284218,
    "lg_weight": 101.47605814936614,
    "vtail_weight": 30.267325972588797,
    "nacelle_weight": 102.19539896133635,
    "powertrain_weight": 486,
    "h2_weight": 499.85900804199855,
    "misc_weight": 259.7998543794161,
    "l_fuse": 7.9407545691641825,
    "limit_fuse": 7.9407545691641825,
    "x_lewing": 4.410459290696703,
    "w_fuse": 1.7,
    "prop_eff": 0.9,
    "v_cruise": 83.33,
    "v_max": 104.17,
    "v_stall": 45,
    "v_stall_flaps60": 40,
    "turn_loadfactor": 2,
    "h_hover": 30.5,
    "roc": 5,
    "cL_cruise": 0.5582216067261786,
    "mac": 1.298923351868046,
    "y_mac": 2.2620766861080743,
    "x_lemac": 0.10954637660063087,
    "cLmax": 1.59,
    "cLmax_flaps60": 2.01,
    "cLmax_flaps20": 1.83,
    "cl_max_airfoil": 1.77,
    "cd": 0.040209476448741184,
    "cd0": 0.025712429275499507,
    "cd0_flaps20": 0,
    "cd_tot_cruise": 0.036096433209543005,
    "clalpha": 6.21,
    "cm_ac": -0.054,
    "cm_alpha": -1.5961,
    "e": 0.793315639917708,
    "A": 8.624577791288106,
    "A_h": 6,
    "S": 12.920828606879576,
    "S_h": 5.154950664841246,
    "c_root": 1.7485506659762158,
    "c_tip": 0.6994202663904863,
    "t_r_h": 0.14877,
    "sweep_le": 0.0510204081632653,
    "sweep_1/4": 0,
    "sweep_m": -0.009637,
    "b": 10.556357868504346,
    "taper": 0.4,
    "taper_tail": 1,
    "StotS": 1.2,
    "diskloading": 120,
    "mission_energy": 893383562.4041073,
    "wp_hover": 0.06822382182812936,
    "power_hover": 700462.4100752312,
    "power_climb": 236883.30786975214,
    "power_cruise": 153050.3089525079,
    "wp_cruise": 0.06822382182812936,
    "tw": 1.2333333333333332,
    "WP_hover": 0.05074320276750537,
    "WP_cruise": 0.06253341164633416,
    "TW": 1.2249512670565301,
    "WS": 1873.4920312500003,
    "ld_climb": 220.449,
    "ld_cr": 14.42497262833101,
    "ducted_bool": 0,
    "tandem_bool": 0,
    "G": 0.045,
    "n_max": 2.6095062811479983,
    "n_ult": 3.9142594217219973,
    "l_cockpit": 2.103,
    "l_tail": 3.02551488186157,
    "d_fuselage": 1.7,
    "upsweep": 0.1745,
    "h_wings": 0,
    "x_rotor_loc": [
        2.3247505997402564,
        2.3247505997402564,
        4.987481010468853,
        5.032000407381059,
        6.8,
        6.8
    ],
    "y_rotor_loc": [
        2.3,
        -2.3,
        5.278178934252173,
        -5.278178934252173,
        2.3,
        -2.3
    ],
    "ww": 400,
    "w_eng": 120,
    "takeoff_energy": 10717074.874151038,
    "trans2hor_energy": 10252189.643415265,
    "climb_energy": 110323594.63334526,
    "cruise_energy": 556795190.8913764,
    "descend_energy": 19951763.267479215,
    "hor_loiter_energy": 133292447.7051394,
    "trans2ver_energy": 35742532.221130356,
    "ver_loiter_energy": 16308769.168070443,
    "land_energy": 6804036.485964049,
    "Vx_cr": 243.5386415938744,
    "Vy_cr": 0.0,
    "Vz_cr": -44414.17200228855,
    "Mx_cr": 107101.53450482027,
    "Mz_cr": -30.47318162041251,
    "T_cr": 15557.50040923899,
    "Vx_vf": 0.0,
    "Vy_vf": 0.0,
    "Vz_vf": -6504.521187161524,
    "Mx_vf": 24550.864965631103,
    "Mz_vf": 0.0,
    "T_vf": 578.3028458404551,
    "thickness_to_chord": 0.12,
    "i_xx": 4.9642701127511575e-05,
    "i_zz": 0.0002190119167390216,
    "i_xz": 0.0,
    "j_y": 0.00026865461786653317,
    "area_enclosed": 0.2179052380944594,
    "area": 0.00724019802976017,
    "max_shear_cr": 66241363.70168735,
    "max_axial_cr": 241795491.1286847,
    "max_shear_vf": 8400622.559570273,
    "max_axial_vf": 55410969.88841483,
    "crit_buck_stress": 2481784.252433136,
    "depda": 0.1,
    "depsda": 0.36289017721750877,
    "cl_alpha": 4.8866469811700375,
    "diskarea": 17.98631287137016,
    "rotor_direction": [
        -1.0,
        1.0,
        -1.0,
        1.0,
        -1.0,
        1.0
    ],
    "cd_upsweep": 0.003889358465107475,
    "cd_base": 0.0,
    "cL0": 0.171,
    "cL0_approach": 0.798,
    "cL_approach": 1.638,
    "h_fuselage_inner": 1.8091103599053797,
    "h_fuselage_outer": 2.00911035990538,
    "w_fuselage_inner": 1.6,
    "w_fuselage_outer": 1.8,
    "mach_cruise": 0.2459,
    "mach_stall": 0.12087373219435008,
    "material": {
        "youngsmodulus": 70000000000.0,
        "poisson": 0.3,
        "shear_modulus": 26000000000.0,
        "beta": 1.42,
        "sigma_yield": 430000000.0,
        "ultimate_tensile_stress": 640000000.0,
        "m_crip": 0.85,
        "pb": 2.5,
        "rho": 2710,
        "g": 5,
        "shear_strength": 207000000.0
    },
    "alpha_zero_L": -0.0352,
    "alpha_zero_L_flaps20": -0.193,
    "delta_alpha_zero_L_flaps20": -0.1027196,
    "delta_alpha_zero_L_flaps60": -0.1332698,
    "ld_stall": 7.934176054049653,
    "cd_stall": 0.29952472383421697,
    "cd0_stall": 0.11156777685991767,
    "shear_modulus": 26000000000.0,
    "hortailsurf_wingsurf": 0.3989644024916901,
    "quarterchord_sweep": 0,
    "alpha_climb_clean": 0.0873,
    "cl_climb_clean": 0.592,
    "cdi_climb_clean": 0.013,
    "nacelle_width": 0.4,
    "sweep_halfchord_h": 0,
    "volume_fuselage": 0.5,
    "downwash_angle": 0.07707064229870378,
    "downwash_angle_wing": 0.04119324649445997,
    "downwash_angle_prop": 0.06586572170461406,
    "downwash_angle_stall": 0.22197201625968602,
    "downwash_angle_wing_stall": 0.1517455318010746,
    "downwash_angle_prop_stall": 0.4004370786386418,
    "v_stall_flaps20": 42,
    "alpha_climb_flaps20": 0.2,
    "cl_descent_trans_flaps20": 1.83,
    "cdi_descent_trans_flaps20": 0.091,
    "alpha_descent_trans_flaps20": 0.2119,
    "alpha_approach": 0.2,
    "CD0_vtail": 0.008684,
    "CL_cruise_h": 0.09834748220214225,
    "Vh_V2": 0.95,
    "length_wing2vtail": 3.1090072974185183,
    "rudder_max": 0.06632251157578412,
    "elevator_min": -0.2827433388230817,
    "dihedral_vtail": 0.36015250207632754,
    "surface_vtail": 7.160493278218408,
    "c_control_surface_to_c_vee_ratio": 0.2956816754837487,
    "ruddervator_efficiency": 0.5442422339783316,
    "Cm_de": -2.855555410601623,
    "Cn_dr": -0.09540400941322222,
    "Cxa": 0,
    "Cxq": 0,
    "Cza": 0,
    "Czq": 0,
    "Cma": 0,
    "Cmq": 0,
    "Cz_adot": 0,
    "Cm_adot": 0,
    "muc": 0,
    "Cxu": 0,
    "Czu": 0,
    "Cx0": 0,
    "Cz0": 0,
    "Cmu": 0,
    "Cyb": 0,
    "Cyp": 0,
    "Cyr": 0,
    "Clb": 0,
    "Clp": 0,
    "Clr": 0,
    "Cnb": 0,
    "Cnp": 0,
    "Cnr": 0,
    "Cy_dr": 0,
    "Cy_beta_dot": 0,
    "Cn_beta_dot": 0,
    "mub": 0,
    "sym_eigvals": 0,
    "asym_eigvals": 0,
    "span_vtail": 4.45127166575353,
    "cL_max": 1.59,
    "alph_zero_L": -0.0352,
    "C_T": 0.15,
    "cL_plus_slipstream": 0.814917068285588,
    "cL_plus_slipstream_stall": 2.3764818914412795,
    "max_thrust_per_engine": 8731,
    "A_tot": 17.98631287137016,
    "bc": null,
    "bf": null,
    "hc": null,
    "hf": null,
    "thrust_per_engine": 8069.02314404531,
    "cg_rear": 0.2853084825564457,
    "cg_front": 0.09031975203855405,
    "spar_thickness": 0.0010000004360410778,
    "stringer_height": 0.038265110928698075,
    "stringer_thickness": 0.018870069590283294,
    "wingskin_thickness": 0.008837693258613924,
    "torsion_bar_thickness": 0.00552863335647182,
    "hub_radius": 0.1,
    "prop_radius": 1.0444686755562584,
    "prop_area": 3.4272099660403113,
    "pylon_length": 2.2,
    "crash_box_area": 0.9678936984094315
}