{
    "name": "Aetheria",
    "mtom": 2482.586143708877,
    "oem": 1972.5861437088772,
    "wing_weight": 169.4425957228853,
    "wing_weight_actual": 173.7,
    "fuselage_weight": 287.90074531759944,
    "lg_weight": 102.88316888647724,
    "vtail_weight": 84.31675982363197,
    "nacelle_weight": 104.36773432517738,
    "powertrain_weight": 486,
    "h2_weight": 473.39222576710756,
    "misc_weight": 262.798298945502,
    "l_fuse": 11.170893365365306,
    "limit_fuse": 7.816901351282626,
    "x_lewing": 5.178568172563233,
    "w_fuse": 1.7,
    "prop_eff": 0.9,
    "v_cruise": 83.33,
    "v_max": 104.17,
    "v_stall": 45,
    "v_stall_flaps60": 40,
    "turn_loadfactor": 2,
    "h_hover": 30.5,
    "roc": 5,
    "cL_cruise": 0.5582216067261786,
    "mac": 1.4796359018462208,
    "y_mac": 2.0133137421418215,
    "x_lemac": 0.10954637660063087,
    "cLmax": 1.59,
    "cLmax_flaps60": 2.01,
    "cLmax_flaps20": 1.83,
    "cl_max_airfoil": 1.77,
    "cd": 0.037855128950185106,
    "cd0": 0.020474074492681047,
    "cd0_flaps20": 0,
    "cd_tot_cruise": 0.036096433209543005,
    "clalpha": 6.21,
    "cm_ac": -0.054,
    "cm_alpha": -1.5961,
    "e": 0.8468698078963061,
    "A": 6.738614962849306,
    "A_h": 6,
    "S": 13.099835308100221,
    "S_h": 3.9780849678435453,
    "c_root": 1.991817560177605,
    "c_tip": 0.796727024071042,
    "t_r_h": 0.14877,
    "sweep_le": 0.0510204081632653,
    "sweep_1/4": 0,
    "sweep_m": -0.009637,
    "b": 9.395464129995165,
    "taper": 0.4,
    "taper_tail": 1,
    "StotS": 1.2,
    "diskloading": 120,
    "mission_energy": 786963069.9958103,
    "wp_hover": 0.06822382182812936,
    "power_hover": 714925.0189050119,
    "power_climb": 122365.28339813356,
    "power_cruise": 122365.28339813356,
    "wp_cruise": 0.06822382182812936,
    "tw": 1.2333333333333332,
    "WP_hover": 0.05074320276750537,
    "WP_cruise": 0.06253341164633416,
    "TW": 1.2249512670565301,
    "WS": 1873.4920312500003,
    "ld_climb": 220.449,
    "ld_cr": 18.312405633488552,
    "ducted_bool": 0,
    "tandem_bool": 0,
    "G": 0.045,
    "n_max": 2.5133844589626815,
    "n_ult": 3.770076688444022,
    "l_cockpit": 2.103,
    "l_tail": 2.6579013512826255,
    "d_fuselage": 1.7,
    "upsweep": 0.1745,
    "h_wings": 0,
    "x_rotor_loc": [
        3.1248466424192243,
        3.1248466424192243,
        5.8358679674218426,
        5.8358679674218426,
        6.8,
        6.8
    ],
    "y_rotor_loc": [
        2.3,
        -2.3,
        4.697732064997583,
        -4.697732064997583,
        2.3,
        -2.3
    ],
    "ww": 400,
    "w_eng": 120,
    "takeoff_energy": 10938352.789246684,
    "trans2hor_energy": 10451370.44651202,
    "climb_energy": 111980956.55077569,
    "cruise_energy": 445153317.42583084,
    "descend_energy": 20250701.64477614,
    "hor_loiter_energy": 135288211.31676665,
    "trans2ver_energy": 36251304.05549959,
    "ver_loiter_energy": 16648855.766402673,
    "land_energy": 6804036.485964049,
    "Vx_cr": 243.5386415938744,
    "Vy_cr": 0.0,
    "Vz_cr": -44414.17200228855,
    "Mx_cr": 107101.53450482027,
    "Mz_cr": -30.47318162041251,
    "T_cr": 15557.50040923899,
    "Vx_vf": 0.0,
    "Vy_vf": 0.0,
    "Vz_vf": -6504.521187161524,
    "Mx_vf": 24550.864965631103,
    "Mz_vf": 0.0,
    "T_vf": 578.3028458404551,
    "thickness_to_chord": 0.12,
    "i_xx": 4.9642701127511575e-05,
    "i_zz": 0.0002190119167390216,
    "i_xz": 0.0,
    "j_y": 0.00026865461786653317,
    "area_enclosed": 0.2179052380944594,
    "area": 0.00724019802976017,
    "max_shear_cr": 66241363.70168735,
    "max_axial_cr": 241795491.1286847,
    "max_shear_vf": 8400622.559570273,
    "max_axial_vf": 55410969.88841483,
    "crit_buck_stress": 2481784.252433136,
    "depda": 0.1,
    "depsda": 0.43671590454379006,
    "cl_alpha": 4.8866469811700375,
    "diskarea": 17.98631287137016,
    "rotor_direction": [
        -1.0,
        1.0,
        -1.0,
        1.0,
        -1.0,
        1.0
    ],
    "cd_upsweep": 0.003991005003996671,
    "cd_base": 0.0,
    "cL0": 0.171,
    "cL0_approach": 0.798,
    "cL_approach": 1.638,
    "h_fuselage_inner": 1.8091103599053788,
    "h_fuselage_outer": 2.009110359905379,
    "w_fuselage_inner": 1.6,
    "w_fuselage_outer": 1.8,
    "mach_cruise": 0.2459,
    "mach_stall": 0.12087373219435008,
    "material": {
        "youngsmodulus": 5610000.0,
        "poisson": 0.064,
        "shear_modulus": 3100000000.0,
        "beta": 1.42,
        "sigma_yield": 722600000.0,
        "ultimate_tensile_stress": 722600000.0,
        "m_crip": 0.85,
        "pb": 2.5,
        "rho": 1522,
        "g": 5,
        "shear_strength": 331000000.0
    },
    "alpha_zero_L": -0.0352,
    "alpha_zero_L_flaps20": -0.193,
    "delta_alpha_zero_L_flaps20": -0.1027196,
    "delta_alpha_zero_L_flaps60": -0.1332698,
    "ld_stall": 7.172992184658476,
    "cd_stall": 0.33130970036801033,
    "cd0_stall": 0.1059610557794454,
    "shear_modulus": 26000000000.0,
    "hortailsurf_wingsurf": 0.30367442599707456,
    "quarterchord_sweep": 0,
    "alpha_climb_clean": 0.0873,
    "cl_climb_clean": 0.592,
    "cdi_climb_clean": 0.013,
    "nacelle_width": 0.4,
    "sweep_halfchord_h": 0,
    "volume_fuselage": 0.5,
    "downwash_angle": 0.09530224102729465,
    "downwash_angle_wing": 0.05271264331632115,
    "downwash_angle_prop": 0.0786014329433922,
    "downwash_angle_stall": 0.22197201625968602,
    "downwash_angle_wing_stall": 0.1517455318010746,
    "downwash_angle_prop_stall": 0.4004370786386418,
    "v_stall_flaps20": 42,
    "alpha_climb_flaps20": 0.2,
    "cl_descent_trans_flaps20": 1.83,
    "cdi_descent_trans_flaps20": 0.091,
    "alpha_descent_trans_flaps20": 0.2119,
    "alpha_approach": 0.2,
    "CD0_vtail": 0.008684,
    "CL_cruise_h": 0.11095741747731601,
    "Vh_V2": 0.95,
    "length_wing2vtail": 5.367708930645872,
    "rudder_max": 0.061086523819801127,
    "elevator_min": -0.2879793265790647,
    "dihedral_vtail": 0.33035332653121285,
    "surface_vtail": 4.445883563033749,
    "c_control_surface_to_c_vee_ratio": 0.289264464526096,
    "ruddervator_efficiency": 0.5356859527014614,
    "Cm_de": -2.6165423059668913,
    "Cn_dr": -0.10335434353099078,
    "Cxa": 0,
    "Cxq": 0,
    "Cza": 0,
    "Czq": 0,
    "Cma": 0,
    "Cmq": 0,
    "Cz_adot": 0,
    "Cm_adot": 0,
    "muc": 0,
    "Cxu": 0,
    "Czu": 0,
    "Cx0": 0,
    "Cz0": 0,
    "Cmu": 0,
    "Cyb": 0,
    "Cyp": 0,
    "Cyr": 0,
    "Clb": 0,
    "Clp": 0,
    "Clr": 0,
    "Cnb": 0,
    "Cnp": 0,
    "Cnr": 0,
    "Cy_dr": 0,
    "Cy_beta_dot": 0,
    "Cn_beta_dot": 0,
    "mub": 0,
    "sym_eigvals": 0,
    "asym_eigvals": 0,
    "span_vtail": 4.9885720380797265,
    "cL_max": 1.59,
    "alph_zero_L": -0.0352,
    "C_T": 0.15,
    "cL_plus_slipstream": 0.8302670981151892,
    "cL_plus_slipstream_stall": 2.3764818914412795,
    "max_thrust_per_engine": 8731,
    "A_tot": 17.98631287137016,
    "bc": 0.792739315763956,
    "bf": 1.585478631527912,
    "hc": 0.42460706587263625,
    "hf": 0.8492141317452725,
    "thrust_per_engine": 6135.6092651032895,
    "cg_rear": 0.33066190359708153,
    "cg_front": 0.0526335835839369,
    "spar_thickness": 0.00500002143243053,
    "stringer_height": 0.015404078945258068,
    "stringer_thickness": 0.0020000410923899253,
    "stringer_width": 0.015000528558877959,
    "wingskin_thickness": 0.001493028851507558,
    "torsion_bar_thickness": 0.00552863335647182,
    "hub_radius": 0.1,
    "prop_radius": 1.0476373636037666,
    "prop_area": 3.4480363107067737,
    "pylon_length": 2.2,
    "crash_box_area": 0.9816974824165262
}