{
      "name": "J1",
      "mtom": 2158.357544564419,
      "oem": 1648.357544564419,
      "wing_weight": 246.3421659957196,
      "fuselage_weight": 270.3686902143373,
      "lg_weight": 89.14510547089802,
      "hortail_weight": 32.633778950919755,
      "nacelle_weight": 83.82106506170351,
      "powertrain_weight": 82.02559222971912,
      "h2_weight": 460.82946659567654,
      "misc_weight": 233.34099417595237,
      "l_fuse": 9.295,
      "x_lewing": 4.529430900163721,
      "w_fuse": 1.7,
      "eff": 0.9,
      "v_cruise": 83.33,
      "v_max": 104.17,
      "v_stall": 45,
      "loadfactor": 2,
      "h_hover": 30.5,
      "roc": 5,
      "cL_cruise": 0.4318762219410193,
      "mac": 1.2239981157722837,
      "y_mac": 2.0760891117522196,
      "x_lemac": 0.10954637660063087,
      "cLmax": 1.59,
      "cLmax_flaps60": 2.01,
      "cLmax_flaps20": 1.83,
      "cd": 0.029224632918022964,
      "cd0": 0.020384032902470386,
      "clalpha": 6.21,
      "cm_ac": -0.054,
      "cm_alpha": -1.5961,
      "e": 0.799480152200161,
      "A": 8.4,
      "A_h": 6,
      "S": 11.975442585617959,
      "S_h": 1.4463095041205232,
      "c_root": 1.7057214206953435,
      "c_tip": 0.6822885682781374,
      "t_r_h": 0.14877,
      "sweep_le": 0.0510204081632653,
      "sweep_1/4": 0,
      "sweep_m": -0.255,
      "b": 10.02964195368862,
      "taper": 0.4,
      "StotS": 1.2,
      "diskloading": 120,
      "mission_energy": 739987650.535569,
      "wp_hover": 0.06822382182812936,
      "power_hover": 574176.2900803875,
      "power_climb": 195350.46268435675,
      "power_cruise": 127397.25930089074,
      "wp_cruise": 0.06822382182812936,
      "tw": 1.2333333333333332,
      "WP_hover": 0.05074320276750537,
      "WP_cruise": 0.06253341164633416,
      "TW": 1.2249512670565301,
      "WS": 1767.4453125,
      "ld_climb": 220.449,
      "ld_cr": 14.77781511071365,
      "ducted_bool": 0,
      "tandem_bool": 0,
      "G": 0.045,
      "n_max": 3.0677620390056575,
      "n_ult": 4.601643058508486,
      "A_tot": 55.78,
      "l_cockpit": 2.103,
      "l_cabin": 3.25,
      "l_tail": 3.942,
      "l_fuselage": 9.295,
      "d_fuselage": 1.7,
      "upsweep": 0.1745,
      "h_wings": 0,
      "x_rotor_loc": [
            0.57,
            0.57,
            3.4,
            3.4,
            6.8,
            6.8
      ],
      "y_rotor_loc": [
            2.3,
            -2.3,
            5.0,
            -5.0,
            2.3,
            -2.3
      ],
      "ww": 400,
      "w_eng": 120,
      "takeoff_energy": 8784897.238229929,
      "trans2hor_energy": 4560402.329398987,
      "climb_energy": 12943944.659982445,
      "cruise_energy": 586893364.9468603,
      "descend_energy": 2073877.6102099922,
      "hor_loiter_energy": 99995485.59679568,
      "trans2ver_energy": 11394430.142397579,
      "ver_loiter_energy": 13341248.011694213,
      "land_energy": 6804036.485964049,
      "Vx_cr": 243.5386415938744,
      "Vy_cr": 0.0,
      "Vz_cr": -44414.17200228855,
      "Mx_cr": 107101.53450482027,
      "Mz_cr": -30.47318162041251,
      "T_cr": 15557.50040923899,
      "Vx_vf": 0.0,
      "Vy_vf": 0.0,
      "Vz_vf": -6504.521187161524,
      "Mx_vf": 24550.864965631103,
      "Mz_vf": 0.0,
      "T_vf": 578.3028458404551,
      "thickness_to_chord": 0.17,
      "i_xx": 4.9642701127511575e-05,
      "i_zz": 0.0002190119167390216,
      "i_xz": 0.0,
      "j_y": 0.00026865461786653317,
      "area_enclosed": 0.2179052380944594,
      "area": 0.00724019802976017,
      "max_shear_cr": 66241363.70168735,
      "max_axial_cr": 241795491.1286847,
      "max_shear_vf": 8400622.559570273,
      "max_axial_vf": 55410969.88841483,
      "crit_buck_stress": 2481784.252433136,
      "depda": 0.1,
      "depsda": 0.1,
      "cl_alpha": 4.8866469811700375,
      "diskarea": 17.98631287137016,
      "rotor_direction": [
            -1.0,
            1.0,
            -1.0,
            1.0,
            -1.0,
            1.0
      ],
      "cd_upsweep": 0.003276899118861381,
      "cd_base": 0.0,
      "cL0": 0.171,
      "cL0_approach": 0.798,
      "cL_approach": 1.638,
      "h_fuselage_inner": 1.8,
      "h_fuselage_outer": 2,
      "w_fuselage_inner": 1.6,
      "w_fuselage_outer": 1.8,
      "mach_cruise": 0.2459,
      "mach_stall": 0.11809022304116654,
      "material": {
            "youngsmodulus": 70000000000.0,
            "poisson": 0.3,
            "shear_modulus": 26000000000.0,
            "beta": 1.42,
            "sigma_yield": 430000000.0,
            "ultimate_tensile_stress": 640000000.0,
            "m_crip": 0.85,
            "pb": 2.5,
            "rho": 2710,
            "g": 5
      },
      "alpha_zero_L": -0.0352,
      "alpha_zero_L_flaps20": -0.193,
      "delta_alpha_zero_L_flaps20": -0.1027196,
      "delta_alpha_zero_L_flaps60": -0.1332698,
      "ld_stall": 9.524226592413127,
      "cd_stall": 0.2110407580602019,
      "cd0_stall": 0.01954671455847806,
      "shear_modulus": 26000000000.0,
      "hortailsurf_wingsurf": 0.12077294795413113,
      "quarterchord_sweep": 0,
      "alpha_climb_clean": 0.0873,
      "cl_climb_clean": 0.592,
      "cdi_climb_clean": 0.013,
      "nacelle_width": 0.4,
      "sweep_halfchord_h": 0,
      "volume_fuselage": 0.5,
      "downwash_angle": 0.16177854114717813,
      "downwash_angle_wing": 0.120211603003049,
      "downwash_angle_prop": 0.19134305991593323,
      "v_stall_flaps20": 42,
      "cl_descent_trans": 1,
      "alpha_descent_trans": 2,
      "cdi_descent_trans": 1,
      "alpha_climb_flaps20": 0.2,
      "cl_descent_trans_flaps20": 1.83,
      "cdi_descent_trans_flaps20": 0.091,
      "alpha_descent_trans_flaps20": 0.2119,
      "alpha_approach": 0.2,
      "CD0_vtail": 0.008684,
      "CL_cruise_h": 0,
      "Vh_V2": 0.95,
      "length_wing2vtail": 0,
      "rudder_max": 0,
      "elevator_min": 0,
      "dihedral_vtail": 0,
      "surface_vtail": 0,
      "c_control_surface_to_c_vee_ratio": 0,
      "ruddervator_efficiency": 0,
      "Cm_de": 0,
      "Cn_dr": 0,
      "Cxa": 0,
      "Cxq": 0,
      "Cza": 0,
      "Czq": 0,
      "Cma": 0,
      "Cmq": 0,
      "Cz_adot": 0,
      "Cm_adot": 0,
      "muc": 0,
      "Cxu": 0,
      "Czu": 0,
      "Cx0": 0,
      "Cz0": 0,
      "Cmu": 0,
      "Cyb": 0,
      "Cyp": 0,
      "Cyr": 0,
      "Clb": 0,
      "Clp": 0,
      "Clr": 0,
      "Cnb": 0,
      "Cnp": 0,
      "Cnr": 0,
      "Cy_dr": 0,
      "Cy_beta_dot": 0,
      "Cn_beta_dot": 0,
      "mub": 0,
      "sym_eigvals": 0,
      "asym_eigvals": 0
}