{
      "name": "Aetheria",
      "mtom": 2266.9608472462337,
      "oem": 1756.9608472462337,
      "wing_weight": 190.14323253734028,
      "fuselage_weight": 172.55321827124047,
      "lg_weight": 95.40080732980563,
      "vtail_weight": 11.544155580986322,
      "nacelle_weight": 92.99146753245692,
      "powertrain_weight": 486,
      "h2_weight": 475.95368255397887,
      "misc_weight": 246.80663020569966,
      "l_fuse": 7.9407545691641825,
      "x_lewing": 4.258220330741852,
      "w_fuse": 1.7,
      "prop_eff": 0.9,
      "v_cruise": 83.33,
      "v_max": 104.17,
      "v_stall": 45,
      "v_stall_flaps60": 40,
      "turn_loadfactor": 2,
      "h_hover": 30.5,
      "roc": 5,
      "cL_cruise": 0.5582216067261786,
      "mac": 1.3444252120173248,
      "y_mac": 2.0078210871809516,
      "x_lemac": 0.10954637660063087,
      "cLmax": 1.59,
      "cLmax_flaps60": 2.01,
      "cLmax_flaps20": 1.83,
      "cl_max_airfoil": 1.77,
      "cd": 0.04164281933936846,
      "cd0": 0.025440345763438846,
      "cd0_flaps20": 0,
      "cd_tot_cruise": 0.036096433209543005,
      "clalpha": 6.21,
      "cm_ac": -0.054,
      "cm_alpha": -1.5961,
      "e": 0.8277128220091322,
      "A": 7.39609375,
      "A_h": 6,
      "S": 11.870285830171209,
      "S_h": 3.834836711257586,
      "c_root": 1.8098031700233217,
      "c_tip": 0.7239212680093288,
      "t_r_h": 0.14877,
      "sweep_le": 0.0510204081632653,
      "sweep_1/4": 0,
      "sweep_m": -0.009637,
      "b": 9.369831740177773,
      "taper": 0.4,
      "taper_tail": 1,
      "StotS": 1.2,
      "diskloading": 120,
      "mission_energy": 885672372.9576808,
      "wp_hover": 0.06822382182812936,
      "power_hover": 617581.8740542622,
      "power_climb": 216204.26580563065,
      "power_cruise": 159450.0798548483,
      "wp_cruise": 0.06822382182812936,
      "tw": 1.2333333333333332,
      "WP_hover": 0.05074320276750537,
      "WP_cruise": 0.06253341164633416,
      "TW": 1.2249512670565301,
      "WS": 1873.4920312500003,
      "ld_climb": 220.449,
      "ld_cr": 12.637314521915162,
      "ducted_bool": 0,
      "tandem_bool": 0,
      "G": 0.045,
      "n_max": 2.5515684173920326,
      "n_ult": 3.827352626088049,
      "l_cockpit": 2.103,
      "l_tail": 2.7817545691641814,
      "d_fuselage": 1.7,
      "upsweep": 0.1745,
      "h_wings": 0,
      "x_rotor_loc": [
            0.57,
            0.57,
            5.1322660836584895,
            5.1322660836584895,
            6.8,
            6.8
      ],
      "y_rotor_loc": [
            2.3,
            -2.3,
            4.684915870088886,
            -4.684915870088886,
            2.3,
            -2.3
      ],
      "ww": 400,
      "w_eng": 120,
      "takeoff_energy": 9449002.673030213,
      "trans2hor_energy": 9041190.991019113,
      "climb_energy": 100687915.95729114,
      "cruise_energy": 580099388.686701,
      "descend_energy": 18209848.290825482,
      "hor_loiter_energy": 121656654.77499712,
      "trans2ver_energy": 32167612.308398344,
      "ver_loiter_energy": 14360759.27541828,
      "land_energy": 6804036.485964049,
      "Vx_cr": 243.5386415938744,
      "Vy_cr": 0.0,
      "Vz_cr": -44414.17200228855,
      "Mx_cr": 107101.53450482027,
      "Mz_cr": -30.47318162041251,
      "T_cr": 15557.50040923899,
      "Vx_vf": 0.0,
      "Vy_vf": 0.0,
      "Vz_vf": -6504.521187161524,
      "Mx_vf": 24550.864965631103,
      "Mz_vf": 0.0,
      "T_vf": 578.3028458404551,
      "thickness_to_chord": 0.12,
      "i_xx": 4.9642701127511575e-05,
      "i_zz": 0.0002190119167390216,
      "i_xz": 0.0,
      "j_y": 0.00026865461786653317,
      "area_enclosed": 0.2179052380944594,
      "area": 0.00724019802976017,
      "max_shear_cr": 66241363.70168735,
      "max_axial_cr": 241795491.1286847,
      "max_shear_vf": 8400622.559570273,
      "max_axial_vf": 55410969.88841483,
      "crit_buck_stress": 2481784.252433136,
      "depda": 0.1,
      "depsda": 0.4079330608400121,
      "cl_alpha": 4.8866469811700375,
      "diskarea": 17.98631287137016,
      "rotor_direction": [
            -1.0,
            1.0,
            -1.0,
            1.0,
            -1.0,
            1.0
      ],
      "cd_upsweep": 0.003976731876469645,
      "cd_base": 0.0,
      "cL0": 0.171,
      "cL0_approach": 0.798,
      "cL_approach": 1.638,
      "h_fuselage_inner": 1.8091103599053795,
      "h_fuselage_outer": 2.0091103599053795,
      "w_fuselage_inner": 1.6,
      "w_fuselage_outer": 1.8,
      "mach_cruise": 0.2459,
      "mach_stall": 0.12087373219435008,
      "material": {
            "youngsmodulus": 70000000000.0,
            "poisson": 0.3,
            "shear_modulus": 26000000000.0,
            "beta": 1.42,
            "sigma_yield": 430000000.0,
            "ultimate_tensile_stress": 640000000.0,
            "m_crip": 0.85,
            "pb": 2.5,
            "rho": 2710,
            "g": 5,
            "shear_strength": 207000000.0
      },
      "alpha_zero_L": -0.0352,
      "alpha_zero_L_flaps20": -0.193,
      "delta_alpha_zero_L_flaps20": -0.1027196,
      "delta_alpha_zero_L_flaps60": -0.1332698,
      "ld_stall": 7.394975195142383,
      "cd_stall": 0.32136441688166106,
      "cd0_stall": 0.1112962953965797,
      "shear_modulus": 26000000000.0,
      "hortailsurf_wingsurf": 0.3230618677698913,
      "quarterchord_sweep": 0,
      "alpha_climb_clean": 0.0873,
      "cl_climb_clean": 0.592,
      "cdi_climb_clean": 0.013,
      "nacelle_width": 0.4,
      "sweep_halfchord_h": 0,
      "volume_fuselage": 0.5,
      "downwash_angle": 0.08813727018844307,
      "downwash_angle_wing": 0.04803051411612412,
      "downwash_angle_prop": 0.07357173353200626,
      "downwash_angle_stall": 0.22197201625968602,
      "downwash_angle_wing_stall": 0.1517455318010746,
      "downwash_angle_prop_stall": 0.4004370786386418,
      "v_stall_flaps20": 42,
      "alpha_climb_flaps20": 0.2,
      "cl_descent_trans_flaps20": 1.83,
      "cdi_descent_trans_flaps20": 0.091,
      "alpha_descent_trans_flaps20": 0.2119,
      "alpha_approach": 0.2,
      "CD0_vtail": 0.008684,
      "CL_cruise_h": 0.05583977455448451,
      "Vh_V2": 0.95,
      "length_wing2vtail": 3.1095098665879672,
      "rudder_max": 0.055850536063818124,
      "elevator_min": -0.29321531433504777,
      "dihedral_vtail": 0.30707373924819714,
      "surface_vtail": 8.31496614393605,
      "c_control_surface_to_c_vee_ratio": 0.2922615805370474,
      "ruddervator_efficiency": 0.5396821073827299,
      "Cm_de": -3.3879641377808043,
      "Cn_dr": -0.11275019294289912,
      "Cxa": 0,
      "Cxq": 0,
      "Cza": 0,
      "Czq": 0,
      "Cma": 0,
      "Cmq": 0,
      "Cz_adot": 0,
      "Cm_adot": 0,
      "muc": 0,
      "Cxu": 0,
      "Czu": 0,
      "Cx0": 0,
      "Cz0": 0,
      "Cmu": 0,
      "Cyb": 0,
      "Cyp": 0,
      "Cyr": 0,
      "Clb": 0,
      "Clp": 0,
      "Clr": 0,
      "Cnb": 0,
      "Cnp": 0,
      "Cnr": 0,
      "Cy_dr": 0,
      "Cy_beta_dot": 0,
      "Cn_beta_dot": 0,
      "mub": 0,
      "sym_eigvals": 0,
      "asym_eigvals": 0,
      "span_vtail": 3.599880228708603,
      "cL_max": 1.59,
      "alph_zero_L": -0.0352,
      "C_T": 0.15,
      "cL_plus_slipstream": 0.825667187282957,
      "cL_plus_slipstream_stall": 2.3764818914412795,
      "max_thrust_per_engine": 8731,
      "A_tot": 17.98631287137016,
      "bc": null,
      "bf": null,
      "hc": null,
      "hf": null,
      "thrust_per_engine": 4571.32654847203,
      "cg_rear": 0.24335231426046752,
      "cg_front": 0.06874848202661787,
      "spar_thickness": 0,
      "stringer_height": 0,
      "stringer_thickness": 0,
      "wingskin_thickness": 0,
      "torsion_bar_thickness": 0,
      "hub_radius": 0.1,
      "prop_radius": 1.0011077539892013,
      "prop_area": 3.1485567322864356
}