{
      "name": "J1",
      "mtom": 1918.0827585591,
      "oem": 1408.0827585591,
      "wing_weight": 206.96419709242642,
      "fuselage_weight": 158.79006814857127,
      "lg_weight": 79.70661095249012,
      "vtail_weight": 11.662931021527013,
      "nacelle_weight": 70.58870304310133,
      "powertrain_weight": 69.07667144978282,
      "h2_weight": 391.4932318829749,
      "misc_weight": 212.83614787579967,
      "l_fuse": 7.5643709181474295,
      "x_lewing": 4.161342389341687,
      "w_fuse": 1.7,
      "prop_eff": 0.9,
      "v_cruise": 83.33,
      "v_max": 104.17,
      "v_stall": 45,
      "v_stall_flaps60": 40,
      "turn_loadfactor": 2,
      "h_hover": 30.5,
      "roc": 5,
      "cL_cruise": 0.5582216067261786,
      "mac": 1.1616995664016674,
      "y_mac": 1.9704211876274436,
      "x_lemac": 0.10954637660063087,
      "cLmax": 1.59,
      "cLmax_flaps60": 2.01,
      "cLmax_flaps20": 1.83,
      "cl_max_airfoil": 1.77,
      "cd": 0.041656377535640485,
      "cd0": 0.02688651546494575,
      "cd0_flaps20": 0,
      "cd_tot_cruise": 0.036096433209543005,
      "clalpha": 6.21,
      "cm_ac": -0.054,
      "cm_alpha": -1.5961,
      "e": 0.799480152200161,
      "A": 8.4,
      "A_h": 6,
      "S": 10.065895406132597,
      "S_h": 7.329932303206044,
      "c_root": 1.56382633938686,
      "c_tip": 0.625530535754744,
      "t_r_h": 0.14877,
      "sweep_le": 0.0510204081632653,
      "sweep_1/4": 0,
      "sweep_m": -0.009637,
      "b": 9.195298875594736,
      "taper": 0.4,
      "taper_tail": 1,
      "StotS": 1.2,
      "diskloading": 120,
      "mission_energy": 708086976.4002537,
      "wp_hover": 0.06822382182812936,
      "power_hover": 483536.7001484798,
      "power_climb": 130486.14876167473,
      "power_cruise": 130486.14876167473,
      "wp_cruise": 0.06822382182812936,
      "tw": 1.2333333333333332,
      "WP_hover": 0.05074320276750537,
      "WP_cruise": 0.06253341164633416,
      "TW": 1.2249512670565301,
      "WS": 1873.4920312500003,
      "ld_climb": 220.449,
      "ld_cr": 12.148686348497428,
      "ducted_bool": 0,
      "tandem_bool": 0,
      "G": 0.045,
      "n_max": 2.600002319293611,
      "n_ult": 3.9000034789404165,
      "l_cockpit": 2.103,
      "l_tail": 2.4053709181474288,
      "l_fuselage": 9.295,
      "d_fuselage": 1.7,
      "upsweep": 0.1745,
      "h_wings": 0,
      "x_rotor_loc": [
            0.57,
            0.57,
            0.6568855953860319,
            0.6568855953860319,
            6.8,
            6.8
      ],
      "y_rotor_loc": [
            2.3,
            -2.3,
            4.597649437797368,
            -4.597649437797368,
            2.3,
            -2.3
      ],
      "ww": 400,
      "w_eng": 120,
      "takeoff_energy": 7398111.512271741,
      "trans2hor_energy": 10346380.326658824,
      "climb_energy": 81657886.13661326,
      "cruise_energy": 473331103.9453364,
      "descend_energy": 15145742.850389482,
      "hor_loiter_energy": 101957425.29584433,
      "trans2ver_energy": 7036230.649018088,
      "ver_loiter_energy": 11214095.684121557,
      "land_energy": 6804036.485964049,
      "Vx_cr": 243.5386415938744,
      "Vy_cr": 0.0,
      "Vz_cr": -44414.17200228855,
      "Mx_cr": 107101.53450482027,
      "Mz_cr": -30.47318162041251,
      "T_cr": 15557.50040923899,
      "Vx_vf": 0.0,
      "Vy_vf": 0.0,
      "Vz_vf": -6504.521187161524,
      "Mx_vf": 24550.864965631103,
      "Mz_vf": 0.0,
      "T_vf": 578.3028458404551,
      "thickness_to_chord": 0.12,
      "i_xx": 4.9642701127511575e-05,
      "i_zz": 0.0002190119167390216,
      "i_xz": 0.0,
      "j_y": 0.00026865461786653317,
      "area_enclosed": 0.2179052380944594,
      "area": 0.00724019802976017,
      "max_shear_cr": 66241363.70168735,
      "max_axial_cr": 241795491.1286847,
      "max_shear_vf": 8400622.559570273,
      "max_axial_vf": 55410969.88841483,
      "crit_buck_stress": 2481784.252433136,
      "depda": 0.1,
      "depsda": 0.3703920928816606,
      "cl_alpha": 4.8866469811700375,
      "diskarea": 17.98631287137016,
      "rotor_direction": [
            -1.0,
            1.0,
            -1.0,
            1.0,
            -1.0,
            1.0
      ],
      "cd_upsweep": 0.0041181476828227445,
      "cd_base": 0.0,
      "cL0": 0.171,
      "cL0_approach": 0.798,
      "cL_approach": 1.638,
      "h_fuselage_inner": 1.8091103599053788,
      "h_fuselage_outer": 2.009110359905379,
      "w_fuselage_inner": 1.6,
      "w_fuselage_outer": 1.8,
      "mach_cruise": 0.2459,
      "mach_stall": 0.12087373219435008,
      "material": {
            "youngsmodulus": 70000000000.0,
            "poisson": 0.3,
            "shear_modulus": 26000000000.0,
            "beta": 1.42,
            "sigma_yield": 430000000.0,
            "ultimate_tensile_stress": 640000000.0,
            "m_crip": 0.85,
            "pb": 2.5,
            "rho": 2710,
            "g": 5
      },
      "alpha_zero_L": -0.0352,
      "alpha_zero_L_flaps20": -0.193,
      "delta_alpha_zero_L_flaps20": -0.1027196,
      "delta_alpha_zero_L_flaps60": -0.1332698,
      "ld_stall": 7.811916318462603,
      "cd_stall": 0.304212410189895,
      "cd0_stall": 0.11271836668817115,
      "shear_modulus": 26000000000.0,
      "hortailsurf_wingsurf": 0.7281947613662187,
      "quarterchord_sweep": 0,
      "alpha_climb_clean": 0.0873,
      "cl_climb_clean": 0.592,
      "cdi_climb_clean": 0.013,
      "nacelle_width": 0.4,
      "sweep_halfchord_h": 0,
      "volume_fuselage": 0.5,
      "downwash_angle": 0.0788965476150046,
      "downwash_angle_wing": 0.042293917952750226,
      "downwash_angle_prop": 0.0671352464773423,
      "downwash_angle_stall": 0.22197201625968602,
      "downwash_angle_wing_stall": 0.1517455318010746,
      "downwash_angle_prop_stall": 0.4004370786386418,
      "v_stall_flaps20": 42,
      "alpha_climb_flaps20": 0.2,
      "cl_descent_trans_flaps20": 1.83,
      "cdi_descent_trans_flaps20": 0.091,
      "alpha_descent_trans_flaps20": 0.2119,
      "alpha_approach": 0.2,
      "CD0_vtail": 0.008684,
      "CL_cruise_h": 0.08000679843440972,
      "Vh_V2": 0.95,
      "length_wing2vtail": 2.91550907937884,
      "rudder_max": 0.05410520681182379,
      "elevator_min": -0.29496064358704205,
      "dihedral_vtail": 0.29448303916628105,
      "surface_vtail": 8.0042264768786,
      "c_control_surface_to_c_vee_ratio": 0.27596947889791623,
      "ruddervator_efficiency": 0.5179593051972217,
      "Cm_de": -4.148648451035352,
      "Cn_dr": -0.11627363647236477,
      "Cxa": 0,
      "Cxq": 0,
      "Cza": 0,
      "Czq": 0,
      "Cma": 0,
      "Cmq": 0,
      "Cz_adot": 0,
      "Cm_adot": 0,
      "muc": 0,
      "Cxu": 0,
      "Czu": 0,
      "Cx0": 0,
      "Cz0": 0,
      "Cmu": 0,
      "Cyb": 0,
      "Cyp": 0,
      "Cyr": 0,
      "Clb": 0,
      "Clp": 0,
      "Clr": 0,
      "Cnb": 0,
      "Cnp": 0,
      "Cnr": 0,
      "Cy_dr": 0,
      "Cy_beta_dot": 0,
      "Cn_beta_dot": 0,
      "mub": 0,
      "sym_eigvals": 0,
      "asym_eigvals": 0,
      "span_vtail": 3.6262743096586796,
      "cL_max": 1.59,
      "alph_zero_L": -0.0352,
      "C_T": 0.15,
      "cL_plus_slipstream": 0.8170193820242123,
      "cL_plus_slipstream_stall": 2.3764818914412795,
      "max_thrust_per_engine": 4400,
      "A_tot": 17.98631287137016,
      "bc": 0.7798338371021326,
      "bf": 1.5596676742042654,
      "hc": 0.4127890902477408,
      "hf": 0.8255781804954816,
      "thrust_per_engine": 3876.4437152169994,
      "cg_rear": 0.26663227554773783,
      "cg_front": 0.00984630704769059
}