{
    "name": "Aetheria",
    "mtom": 2337.6214097140787,
    "oem": 1827.6214097140787,
    "wing_weight": 372.9900902780762,
    "fuselage_weight": 173.56801197281013,
    "lg_weight": 96.21286714774122,
    "vtail_weight": 52.6938247266064,
    "nacelle_weight": 94.20506384704441,
    "powertrain_weight": 456,
    "h2_weight": 461.41906459718973,
    "misc_weight": 248.5480020963726,
    "l_fuse": 7.972322710997834,
    "x_lewing": 4.290932331636702,
    "w_fuse": 1.7,
    "prop_eff": 0.9,
    "v_cruise": 83.33,
    "v_max": 104.17,
    "v_stall": 45,
    "v_stall_flaps60": 40,
    "turn_loadfactor": 2,
    "h_hover": 30.5,
    "roc": 5,
    "cL_cruise": 0.5582216067261786,
    "mac": 1.2518442268937227,
    "y_mac": 2.2533196084087,
    "x_lemac": 0.10954637660063087,
    "cLmax": 1.59,
    "cLmax_flaps60": 2.01,
    "cLmax_flaps20": 1.83,
    "cl_max_airfoil": 1.77,
    "cd": 0.04040475853986167,
    "cd0": 0.025634896469166932,
    "cd0_flaps20": 0,
    "cd_tot_cruise": 0.036096433209543005,
    "clalpha": 6.21,
    "cm_ac": -0.054,
    "cm_alpha": -1.5961,
    "e": 0.799480152200161,
    "A": 8.4,
    "A_h": 6,
    "S": 12.24027946038007,
    "S_h": 4.682018369333772,
    "c_root": 1.609514006006215,
    "c_tip": 0.9657084036037289,
    "t_r_h": 0.14877,
    "sweep_le": 0.0510204081632653,
    "sweep_1/4": 0,
    "sweep_m": -0.009637,
    "b": 10.139938237839152,
    "taper": 0.6,
    "taper_tail": 1,
    "StotS": 1.2,
    "diskloading": 120,
    "mission_energy": 808800408.1345909,
    "wp_hover": 0.06822382182812936,
    "power_hover": 646378.1136140781,
    "power_climb": 223460.87698036266,
    "power_cruise": 135465.87831376062,
    "wp_cruise": 0.06822382182812936,
    "tw": 1.2333333333333332,
    "WP_hover": 0.05074320276750537,
    "WP_cruise": 0.06253341164633416,
    "TW": 1.2249512670565301,
    "WS": 1873.4920312500003,
    "ld_climb": 220.449,
    "ld_cr": 15.373980683690814,
    "ducted_bool": 0,
    "tandem_bool": 0,
    "G": 0.045,
    "n_max": 2.600002319293611,
    "n_ult": 3.9000034789404165,
    "l_cockpit": 2.103,
    "l_tail": 2.8133227109978334,
    "d_fuselage": 1.7,
    "upsweep": 0.1745,
    "h_wings": 0,
    "x_rotor_loc": [
        0.57,
        0.57,
        4.886452513859002,
        4.886452513859002,
        6.8,
        6.8
    ],
    "y_rotor_loc": [
        2.3,
        -2.3,
        5.069969118919576,
        -5.069969118919576,
        2.3,
        -2.3
    ],
    "ww": 400,
    "w_eng": 120,
    "takeoff_energy": 9889585.138295395,
    "trans2hor_energy": 9462482.982347203,
    "climb_energy": 104072369.76760122,
    "cruise_energy": 492823418.608457,
    "descend_energy": 18821273.08207553,
    "hor_loiter_energy": 125739747.24899954,
    "trans2ver_energy": 32954135.283016514,
    "ver_loiter_energy": 15037396.023798352,
    "land_energy": 6804036.485964049,
    "Vx_cr": 243.5386415938744,
    "Vy_cr": 0.0,
    "Vz_cr": -44414.17200228855,
    "Mx_cr": 107101.53450482027,
    "Mz_cr": -30.47318162041251,
    "T_cr": 15557.50040923899,
    "Vx_vf": 0.0,
    "Vy_vf": 0.0,
    "Vz_vf": -6504.521187161524,
    "Mx_vf": 24550.864965631103,
    "Mz_vf": 0.0,
    "T_vf": 578.3028458404551,
    "thickness_to_chord": 0.12,
    "i_xx": 4.9642701127511575e-05,
    "i_zz": 0.0002190119167390216,
    "i_xz": 0.0,
    "j_y": 0.00026865461786653317,
    "area_enclosed": 0.2179052380944594,
    "area": 0.00724019802976017,
    "max_shear_cr": 66241363.70168735,
    "max_axial_cr": 241795491.1286847,
    "max_shear_vf": 8400622.559570273,
    "max_axial_vf": 55410969.88841483,
    "crit_buck_stress": 2481784.252433136,
    "depda": 0.1,
    "depsda": 0.3703920928816606,
    "cl_alpha": 4.8866469811700375,
    "diskarea": 17.98631287137016,
    "rotor_direction": [
        -1.0,
        1.0,
        -1.0,
        1.0,
        -1.0,
        1.0
    ],
    "cd_upsweep": 0.003965230166718858,
    "cd_base": 0.0,
    "cL0": 0.171,
    "cL0_approach": 0.798,
    "cL_approach": 1.638,
    "h_fuselage_inner": 1.8091103599053786,
    "h_fuselage_outer": 2.0091103599053786,
    "w_fuselage_inner": 1.6,
    "w_fuselage_outer": 1.8,
    "mach_cruise": 0.2459,
    "mach_stall": 0.12087373219435008,
    "material": {
        "youngsmodulus": 70000000000.0,
        "poisson": 0.3,
        "shear_modulus": 26000000000.0,
        "beta": 1.42,
        "sigma_yield": 430000000.0,
        "ultimate_tensile_stress": 640000000.0,
        "m_crip": 0.85,
        "pb": 2.5,
        "rho": 2710,
        "g": 5,
        "shear_strength": 207000000.0
    },
    "alpha_zero_L": -0.0352,
    "alpha_zero_L_flaps20": -0.193,
    "delta_alpha_zero_L_flaps20": -0.1027196,
    "delta_alpha_zero_L_flaps60": -0.1332698,
    "ld_stall": 7.844901696001805,
    "cd_stall": 0.30293329139515746,
    "cd0_stall": 0.11143924789343364,
    "shear_modulus": 26000000000.0,
    "hortailsurf_wingsurf": 0.3825091072870318,
    "quarterchord_sweep": 0,
    "alpha_climb_clean": 0.0873,
    "cl_climb_clean": 0.592,
    "cdi_climb_clean": 0.013,
    "nacelle_width": 0.4,
    "sweep_halfchord_h": 0,
    "volume_fuselage": 0.5,
    "downwash_angle": 0.07889654761500461,
    "downwash_angle_wing": 0.042293917952750226,
    "downwash_angle_prop": 0.0671352464773423,
    "downwash_angle_stall": 0.22197201625968602,
    "downwash_angle_wing_stall": 0.1517455318010746,
    "downwash_angle_prop_stall": 0.4004370786386418,
    "v_stall_flaps20": 42,
    "alpha_climb_flaps20": 0.2,
    "cl_descent_trans_flaps20": 1.83,
    "cdi_descent_trans_flaps20": 0.091,
    "alpha_descent_trans_flaps20": 0.2119,
    "alpha_approach": 0.2,
    "CD0_vtail": 0.008684,
    "CL_cruise_h": 0.11065238279341363,
    "Vh_V2": 0.95,
    "length_wing2vtail": 3.2159539071482794,
    "rudder_max": 0.06981317007977278,
    "elevator_min": -0.27925268031909306,
    "dihedral_vtail": 0.3889872132228319,
    "surface_vtail": 5.468572367094912,
    "c_control_surface_to_c_vee_ratio": "Not possible. Lower CLh in the horizontal tail sizing program",
    "ruddervator_efficiency": 0.5505006783422317,
    "Cm_de": -2.451956494008683,
    "Cn_dr": -0.09075015529550404,
    "Cxa": 0,
    "Cxq": 0,
    "Cza": 0,
    "Czq": 0,
    "Cma": 0,
    "Cmq": 0,
    "Cz_adot": 0,
    "Cm_adot": 0,
    "muc": 0,
    "Cxu": 0,
    "Czu": 0,
    "Cx0": 0,
    "Cz0": 0,
    "Cmu": 0,
    "Cyb": 0,
    "Cyp": 0,
    "Cyr": 0,
    "Clb": 0,
    "Clp": 0,
    "Clr": 0,
    "Cnb": 0,
    "Cnp": 0,
    "Cnr": 0,
    "Cy_dr": 0,
    "Cy_beta_dot": 0,
    "Cn_beta_dot": 0,
    "mub": 0,
    "sym_eigvals": 0,
    "asym_eigvals": 0,
    "span_vtail": 4.661419375110848,
    "cL_max": 1.59,
    "alph_zero_L": -0.0352,
    "C_T": 0.15,
    "cL_plus_slipstream": 0.8169277204845308,
    "cL_plus_slipstream_stall": 2.3764818914412795,
    "max_thrust_per_engine": 4400,
    "A_tot": 17.98631287137016,
    "bc": null,
    "bf": null,
    "hc": null,
    "hf": null,
    "thrust_per_engine": 4713.813572688439,
    "cg_rear": 0.2647715975101069,
    "cg_front": 0.10255233512446613,
    "spar_thickness": 0.0050000339404294965,
    "stringer_height": 0.05828632243048881,
    "stringer_thickness": 0.0329993899066177,
    "wingskin_thickness": 0.0001,
    "torsion_bar_thickness": 0.060387087851133565
}