{
      "name": "Aetheria",
      "mtom": 2337.6214097140787,
      "oem": 1827.6214097140787,
      "wing_weight": 239.78823200701467,
      "fuselage_weight": 173.56801197281013,
      "lg_weight": 96.21286714774122,
      "vtail_weight": 52.6938247266064,
      "nacelle_weight": 94.20506384704441,
      "powertrain_weight": 456,
      "h2_weight": 466.6054079164893,
      "misc_weight": 248.5480020963726,
      "l_fuse": 7.972322710997834,
      "x_lewing": 4.164720858972156,
      "w_fuse": 1.7,
      "prop_eff": 0.9,
      "v_cruise": 83.33,
      "v_max": 104.17,
      "v_stall": 45,
      "v_stall_flaps60": 40,
      "turn_loadfactor": 2,
      "h_hover": 30.5,
      "roc": 5,
      "cL_cruise": 0.5582216067261786,
      "mac": 1.2803286515873389,
      "y_mac": 2.171634366730833,
      "x_lemac": 0.10954637660063087,
      "cLmax": 1.59,
      "cLmax_flaps60": 2.01,
      "cLmax_flaps20": 1.83,
      "cl_max_airfoil": 1.77,
      "cd": 0.04040779738071706,
      "cd0": 0.02563793531002232,
      "cd0_flaps20": 0,
      "cd_tot_cruise": 0.036096433209543005,
      "clalpha": 6.21,
      "cm_ac": -0.054,
      "cm_alpha": -1.5961,
      "e": 0.799480152200161,
      "A": 8.4,
      "A_h": 6,
      "S": 12.226655836801838,
      "S_h": 5.346018380878191,
      "c_root": 1.7235193386752639,
      "c_tip": 0.6894077354701056,
      "t_r_h": 0.14877,
      "sweep_le": 0.0510204081632653,
      "sweep_1/4": 0,
      "sweep_m": -0.009637,
      "b": 10.134293711410551,
      "taper": 0.4,
      "taper_tail": 1,
      "StotS": 1.2,
      "diskloading": 120,
      "mission_energy": 827706656.6919845,
      "wp_hover": 0.06822382182812936,
      "power_hover": 645310.1381118022,
      "power_climb": 140758.803150357,
      "power_cruise": 140758.803150357,
      "wp_cruise": 0.06822382182812936,
      "tw": 1.2333333333333332,
      "WP_hover": 0.05074320276750537,
      "WP_cruise": 0.06253341164633416,
      "TW": 1.2249512670565301,
      "WS": 1873.4920312500003,
      "ld_climb": 220.449,
      "ld_cr": 14.778150956290316,
      "ducted_bool": 0,
      "tandem_bool": 0,
      "G": 0.045,
      "n_max": 2.600002319293611,
      "n_ult": 3.9000034789404165,
      "l_cockpit": 2.103,
      "l_tail": 2.8133227109978334,
      "d_fuselage": 1.7,
      "upsweep": 0.1745,
      "h_wings": 0,
      "x_rotor_loc": [
            0.57,
            0.57,
            4.733482240734992,
            4.733482240734992,
            6.8,
            6.8
      ],
      "y_rotor_loc": [
            2.3,
            -2.3,
            5.067146855705276,
            -5.067146855705276,
            2.3,
            -2.3
      ],
      "ww": 400,
      "w_eng": 120,
      "takeoff_energy": 9873245.113110574,
      "trans2hor_energy": 9445603.538890595,
      "climb_energy": 103947694.03410473,
      "cruise_energy": 512081044.43481773,
      "descend_energy": 18798672.651839696,
      "hor_loiter_energy": 125589114.61468035,
      "trans2ver_energy": 32958984.58126865,
      "ver_loiter_energy": 15012297.723272039,
      "land_energy": 6804036.485964049,
      "Vx_cr": 243.5386415938744,
      "Vy_cr": 0.0,
      "Vz_cr": -44414.17200228855,
      "Mx_cr": 107101.53450482027,
      "Mz_cr": -30.47318162041251,
      "T_cr": 15557.50040923899,
      "Vx_vf": 0.0,
      "Vy_vf": 0.0,
      "Vz_vf": -6504.521187161524,
      "Mx_vf": 24550.864965631103,
      "Mz_vf": 0.0,
      "T_vf": 578.3028458404551,
      "thickness_to_chord": 0.12,
      "i_xx": 4.9642701127511575e-05,
      "i_zz": 0.0002190119167390216,
      "i_xz": 0.0,
      "j_y": 0.00026865461786653317,
      "area_enclosed": 0.2179052380944594,
      "area": 0.00724019802976017,
      "max_shear_cr": 66241363.70168735,
      "max_axial_cr": 241795491.1286847,
      "max_shear_vf": 8400622.559570273,
      "max_axial_vf": 55410969.88841483,
      "crit_buck_stress": 2481784.252433136,
      "depda": 0.1,
      "depsda": 0.3703920928816606,
      "cl_alpha": 4.8866469811700375,
      "diskarea": 17.98631287137016,
      "rotor_direction": [
            -1.0,
            1.0,
            -1.0,
            1.0,
            -1.0,
            1.0
      ],
      "cd_upsweep": 0.003979847643965808,
      "cd_base": 0.0,
      "cL0": 0.171,
      "cL0_approach": 0.798,
      "cL_approach": 1.638,
      "h_fuselage_inner": 1.8091103599053786,
      "h_fuselage_outer": 2.0091103599053786,
      "w_fuselage_inner": 1.6,
      "w_fuselage_outer": 1.8,
      "mach_cruise": 0.2459,
      "mach_stall": 0.12087373219435008,
      "material": {
            "youngsmodulus": 70000000000.0,
            "poisson": 0.3,
            "shear_modulus": 26000000000.0,
            "beta": 1.42,
            "sigma_yield": 430000000.0,
            "ultimate_tensile_stress": 640000000.0,
            "m_crip": 0.85,
            "pb": 2.5,
            "rho": 2710,
            "g": 5
      },
      "alpha_zero_L": -0.0352,
      "alpha_zero_L_flaps20": -0.193,
      "delta_alpha_zero_L_flaps20": -0.1027196,
      "delta_alpha_zero_L_flaps60": -0.1332698,
      "ld_stall": 7.844269715932223,
      "cd_stall": 0.30295769746602286,
      "cd0_stall": 0.111463653964299,
      "shear_modulus": 26000000000.0,
      "hortailsurf_wingsurf": 0.43724289390618565,
      "quarterchord_sweep": 0,
      "alpha_climb_clean": 0.0873,
      "cl_climb_clean": 0.592,
      "cdi_climb_clean": 0.013,
      "nacelle_width": 0.4,
      "sweep_halfchord_h": 0,
      "volume_fuselage": 0.5,
      "downwash_angle": 0.07889654761500459,
      "downwash_angle_wing": 0.042293917952750226,
      "downwash_angle_prop": 0.0671352464773423,
      "downwash_angle_stall": 0.22197201625968602,
      "downwash_angle_wing_stall": 0.1517455318010746,
      "downwash_angle_prop_stall": 0.4004370786386418,
      "v_stall_flaps20": 42,
      "alpha_climb_flaps20": 0.2,
      "cl_descent_trans_flaps20": 1.83,
      "cdi_descent_trans_flaps20": 0.091,
      "alpha_descent_trans_flaps20": 0.2119,
      "alpha_approach": 0.2,
      "CD0_vtail": 0.008684,
      "CL_cruise_h": 0.09600283623759188,
      "Vh_V2": 0.95,
      "length_wing2vtail": 3.1997805479084005,
      "rudder_max": 0.07330382858376144,
      "elevator_min": -0.2757620218151044,
      "dihedral_vtail": 0.3668648511135679,
      "surface_vtail": 6.135391747704205,
      "c_control_surface_to_c_vee_ratio": 0.2597524335154623,
      "ruddervator_efficiency": 0.4963365780206164,
      "Cm_de": -2.4368952905715635,
      "Cn_dr": -0.08652921783989916,
      "Cxa": 0,
      "Cxq": 0,
      "Cza": 0,
      "Czq": 0,
      "Cma": 0,
      "Cmq": 0,
      "Cz_adot": 0,
      "Cm_adot": 0,
      "muc": 0,
      "Cxu": 0,
      "Czu": 0,
      "Cx0": 0,
      "Cz0": 0,
      "Cmu": 0,
      "Cyb": 0,
      "Cyp": 0,
      "Cyr": 0,
      "Clb": 0,
      "Clp": 0,
      "Clr": 0,
      "Cnb": 0,
      "Cnp": 0,
      "Cnr": 0,
      "Cy_dr": 0,
      "Cy_beta_dot": 0,
      "Cn_beta_dot": 0,
      "mub": 0,
      "sym_eigvals": 0,
      "asym_eigvals": 0,
      "span_vtail": 4.958540219598862,
      "cL_max": 1.59,
      "alph_zero_L": -0.0352,
      "C_T": 0.15,
      "cL_plus_slipstream": 0.8169279430321531,
      "cL_plus_slipstream_stall": 2.3764818914412795,
      "max_thrust_per_engine": 4400,
      "A_tot": 17.98631287137016,
      "bc": 0.7862859699843532,
      "bf": 1.5725719399687064,
      "hc": 0.41814470672079973,
      "hf": 0.8362894134415995,
      "thrust_per_engine": 4708.567024034045,
      "cg_rear": 0.33918003672117014,
      "cg_front": 0.15811588405894886,
      "spar_thickness":0,
      "stringer_height":0,
      "stringer_thickness":0,
      "wingskin_thickness":0,
      "torsion_bar_thickness":0
    }