{
      "name": "J1",
      "mtom": 2158.357544564419,
      "oem": 1648.357544564419,
      "wing_weight": 246.3421659957196,
      "fuselage_weight": 270.3686902143373,
      "lg_weight": 89.14510547089802,
      "hortail_weight": 32.633778950919755,
      "nacelle_weight": 83.82106506170351,
      "powertrain_weight": 82.02559222971912,
      "h2_weight": 460.82946659567654,
      "misc_weight": 233.34099417595237,
      "l_fuse": 9.295,
      "x_lewing": 4.58044108187724,
      "w_fuse": 1.7,
      "prop_eff": 0.9,
      "v_cruise": 83.33,
      "v_max": 104.17,
      "v_stall": 45,
      "v_stall_flaps60": 40,
      "turn_loadfactor": 2,
      "h_hover": 30.5,
      "roc": 5,
      "cL_cruise": 0.527,
      "mac": 1.2671073410879694,
      "y_mac": 2.149208990076133,
      "x_lemac": 0.10954637660063087,
      "cLmax": 1.59,
      "cLmax_flaps60": 2.01,
      "cLmax_flaps20": 1.83,
      "cl_max_airfoil": 1.77,
      "cd": 0.03702198277901847,
      "cd0": 0.023858088517071916,
      "cd0_flaps20": 0,
      "clalpha": 6.21,
      "cm_ac": -0.054,
      "cm_alpha": -1.5961,
      "e": 0.799480152200161,
      "A": 8.4,
      "A_h": 6,
      "S": 11.975442585617959,
      "S_h": 1.0935262064360523,
      "c_root": 1.7057214206953435,
      "c_tip": 0.6822885682781374,
      "t_r_h": 0.14877,
      "sweep_le": 0.0510204081632653,
      "sweep_1/4": 0,
      "sweep_m": -0.009637,
      "b": 10.02964195368862,
      "taper": 0.4,
      "taper_tail": 1,
      "StotS": 1.2,
      "diskloading": 120,
      "mission_energy": 862686528.0030837,
      "wp_hover": 0.06822382182812936,
      "power_hover": 574176.2900803875,
      "power_climb": 202316.8533985804,
      "power_cruise": 139624.01711639384,
      "wp_cruise": 0.06822382182812936,
      "tw": 1.2333333333333332,
      "WP_hover": 0.05074320276750537,
      "WP_cruise": 0.06253341164633416,
      "TW": 1.2249512670565301,
      "WS": 1767.4453125,
      "ld_climb": 220.449,
      "ld_cr": 15.69315942515943,
      "ducted_bool": 0,
      "tandem_bool": 0,
      "G": 0.045,
      "n_max": 3.0677620390056575,
      "n_ult": 4.601643058508486,
      "l_cockpit": 2.103,
      "l_cabin": 3.25,
      "l_tail": 3.942,
      "l_fuselage": 9.295,
      "d_fuselage": 1.7,
      "upsweep": 0.1745,
      "h_wings": 0,
      "x_rotor_loc": [
            0.57,
            0.57,
            3.4,
            3.4,
            6.8,
            6.8
      ],
      "y_rotor_loc": [
            2.3,
            -2.3,
            5.0,
            -5.0,
            2.3,
            -2.3
      ],
      "ww": 400,
      "w_eng": 120,
      "takeoff_energy": 17888438.30686197,
      "trans2hor_energy": 17171996.545857985,
      "climb_energy": 109345378.0305797,
      "cruise_energy": 529654913.18409395,
      "descend_energy": 18070579.3025247,
      "hor_loiter_energy": 134319329.50961015,
      "trans2ver_energy": 22894645.11186108,
      "ver_loiter_energy": 13341248.011694213,
      "land_energy": 6804036.485964049,
      "Vx_cr": 243.5386415938744,
      "Vy_cr": 0.0,
      "Vz_cr": -44414.17200228855,
      "Mx_cr": 107101.53450482027,
      "Mz_cr": -30.47318162041251,
      "T_cr": 15557.50040923899,
      "Vx_vf": 0.0,
      "Vy_vf": 0.0,
      "Vz_vf": -6504.521187161524,
      "Mx_vf": 24550.864965631103,
      "Mz_vf": 0.0,
      "T_vf": 578.3028458404551,
      "thickness_to_chord": 0.12,
      "i_xx": 4.9642701127511575e-05,
      "i_zz": 0.0002190119167390216,
      "i_xz": 0.0,
      "j_y": 0.00026865461786653317,
      "area_enclosed": 0.2179052380944594,
      "area": 0.00724019802976017,
      "max_shear_cr": 66241363.70168735,
      "max_axial_cr": 241795491.1286847,
      "max_shear_vf": 8400622.559570273,
      "max_axial_vf": 55410969.88841483,
      "crit_buck_stress": 2481784.252433136,
      "depda": 0.1,
      "depsda": 0.3703920928816606,
      "cl_alpha": 4.8866469811700375,
      "diskarea": 17.98631287137016,
      "rotor_direction": [
            -1.0,
            1.0,
            -1.0,
            1.0,
            -1.0,
            1.0
      ],
      "cd_upsweep": 0.003276899118861381,
      "cd_base": 0.0,
      "cL0": 0.171,
      "cL0_approach": 0.798,
      "cL_approach": 1.638,
      "h_fuselage_inner": 1.8,
      "h_fuselage_outer": 2,
      "w_fuselage_inner": 1.6,
      "w_fuselage_outer": 1.8,
      "mach_cruise": 0.2459,
      "mach_stall": 0.12087373219435008,
      "material": {
            "youngsmodulus": 70000000000.0,
            "poisson": 0.3,
            "shear_modulus": 26000000000.0,
            "beta": 1.42,
            "sigma_yield": 430000000.0,
            "ultimate_tensile_stress": 640000000.0,
            "m_crip": 0.85,
            "pb": 2.5,
            "rho": 2710,
            "g": 5
      },
      "alpha_zero_L": -0.0352,
      "alpha_zero_L_flaps20": -0.193,
      "delta_alpha_zero_L_flaps20": -0.1027196,
      "delta_alpha_zero_L_flaps60": -0.1332698,
      "ld_stall": 6.6762631750517425,
      "cd_stall": 0.3010666217459922,
      "cd0_stall": 0.10957257824426833,
      "shear_modulus": 26000000000.0,
      "hortailsurf_wingsurf": 0.09131405362415036,
      "quarterchord_sweep": 0,
      "alpha_climb_clean": 0.0873,
      "cl_climb_clean": 0.592,
      "cdi_climb_clean": 0.013,
      "nacelle_width": 0.4,
      "sweep_halfchord_h": 0,
      "volume_fuselage": 0.5,
      "downwash_angle": 0.0851071259719496,
      "downwash_angle_wing": 0.04356434761472458,
      "downwash_angle_prop": 0.15390026172072,
      "downwash_angle_stall": 0.22197201625968602,
      "downwash_angle_wing_stall": 0.1517455318010746,
      "downwash_angle_prop_stall": 0.4004370786386418,
      "v_stall_flaps20": 42,
      "alpha_climb_flaps20": 0.2,
      "cl_descent_trans_flaps20": 1.83,
      "cdi_descent_trans_flaps20": 0.091,
      "alpha_descent_trans_flaps20": 0.2119,
      "alpha_approach": 0.2,
      "CD0_vtail": 0.008684,
      "CL_cruise_h": 0.08597719651320124,
      "Vh_V2": 0.95,
      "length_wing2vtail": 4.375060344827586,
      "rudder_max": 0.10122909661567076,
      "elevator_min": -0.24783675378319509,
      "dihedral_vtail": 0.48387209140356685,
      "surface_vtail": 2.595934558097417,
      "c_control_surface_to_c_vee_ratio": 0.23799784374392652,
      "ruddervator_efficiency": 0.4673304583252354,
      "Cm_de": -1.2985885911382575,
      "Cn_dr": -0.06306366723924844,
      "Cxa": 0,
      "Cxq": 0,
      "Cza": 0,
      "Czq": 0,
      "Cma": 0,
      "Cmq": 0,
      "Cz_adot": 0,
      "Cm_adot": 0,
      "muc": 0,
      "Cxu": 0,
      "Czu": 0,
      "Cx0": 0,
      "Cz0": 0,
      "Cmu": 0,
      "Cyb": 0,
      "Cyp": 0,
      "Cyr": 0,
      "Clb": 0,
      "Clp": 0,
      "Clr": 0,
      "Cnb": 0,
      "Cnp": 0,
      "Cnr": 0,
      "Cy_dr": 0,
      "Cy_beta_dot": 0,
      "Cn_beta_dot": 0,
      "mub": 0,
      "sym_eigvals": 0,
      "asym_eigvals": 0,
      "span_vtail": 2.7772085060343867,
      "cL_max": 1.59,
      "alph_zero_L": -0.0352,
      "C_T": 0.15,
      "cL_plus_slipstream": 0.6650739256692167,
      "cL_plus_slipstream_stall": 2.3764818914412795
}