{
      "name": "Aetheria",
      "mtom": 2865.6562813722185,
      "oem": 2355.6562813722185,
      "wing_weight": 489.75944507433564,
      "fuselage_weight": 235.59048292594971,
      "lg_weight": 116.50907499920403,
      "vtail_weight": 34.80980704325166,
      "nacelle_weight": 126.16637324452319,
      "powertrain_weight": 486,
      "h2_weight": 575.1792153303631,
      "misc_weight": 291.6418827545912,
      "l_fuse": 8.6103846508727,
      "x_lewing": 4.481895320038947,
      "w_fuse": 1.7,
      "prop_eff": 0.9,
      "v_cruise": 83.33,
      "v_max": 104.17,
      "v_stall": 45,
      "v_stall_flaps60": 40,
      "turn_loadfactor": 2,
      "h_hover": 30.5,
      "roc": 5,
      "cL_cruise": 0.5582216067261786,
      "mac": 1.4711136031308933,
      "y_mac": 2.3315344554977964,
      "x_lemac": 0.10954637660063087,
      "cLmax": 1.59,
      "cLmax_flaps60": 2.01,
      "cLmax_flaps20": 1.83,
      "cl_max_airfoil": 1.77,
      "cd": 0.04017468467492293,
      "cd0": 0.023972211098993317,
      "cd0_flaps20": 0,
      "cd_tot_cruise": 0.036096433209543005,
      "clalpha": 6.21,
      "cm_ac": -0.054,
      "cm_alpha": -1.5961,
      "e": 0.8277128220091322,
      "A": 7.39609375,
      "A_h": 6,
      "S": 14.88354194709355,
      "S_h": 5.988902900783694,
      "c_root": 1.8914317754540055,
      "c_tip": 0.9457158877270028,
      "t_r_h": 0.14877,
      "sweep_le": 0.0510204081632653,
      "sweep_1/4": 0,
      "sweep_m": -0.009637,
      "b": 10.491905049740083,
      "taper": 0.5,
      "taper_tail": 1,
      "StotS": 1.2,
      "diskloading": 120,
      "mission_energy": 1013716393.4878083,
      "wp_hover": 0.06822382182812936,
      "power_hover": 864246.9567844021,
      "power_climb": 169337.06983193374,
      "power_cruise": 169337.06983193374,
      "wp_cruise": 0.06822382182812936,
      "tw": 1.2333333333333332,
      "WP_hover": 0.05074320276750537,
      "WP_cruise": 0.06253341164633416,
      "TW": 1.2249512670565301,
      "WS": 1873.4920312500003,
      "ld_climb": 220.449,
      "ld_cr": 15.197857297665696,
      "ducted_bool": 0,
      "tandem_bool": 0,
      "G": 0.045,
      "n_max": 2.5515684173920326,
      "n_ult": 3.827352626088049,
      "l_cockpit": 2.103,
      "l_tail": 3.4513846508726993,
      "d_fuselage": 1.7,
      "upsweep": 0.1745,
      "h_wings": 0,
      "x_rotor_loc": [
            2.385553641929021,
            2.385553641929021,
            5.143896441447849,
            5.143896441447849,
            6.8,
            6.8
      ],
      "y_rotor_loc": [
            2.3,
            -2.3,
            5.245952524870042,
            -5.245952524870042,
            2.3,
            -2.3
      ],
      "ww": 400,
      "w_eng": 120,
      "takeoff_energy": 13222978.438801354,
      "trans2hor_energy": 12642463.12296023,
      "climb_energy": 128603739.89713462,
      "cruise_energy": 616046915.545953,
      "descend_energy": 23257665.315952167,
      "hor_loiter_energy": 155378433.16195783,
      "trans2ver_energy": 44401665.47743978,
      "ver_loiter_energy": 20162532.527609404,
      "land_energy": 6804036.485964049,
      "Vx_cr": 243.5386415938744,
      "Vy_cr": 0.0,
      "Vz_cr": -44414.17200228855,
      "Mx_cr": 107101.53450482027,
      "Mz_cr": -30.47318162041251,
      "T_cr": 15557.50040923899,
      "Vx_vf": 0.0,
      "Vy_vf": 0.0,
      "Vz_vf": -6504.521187161524,
      "Mx_vf": 24550.864965631103,
      "Mz_vf": 0.0,
      "T_vf": 578.3028458404551,
      "thickness_to_chord": 0.12,
      "i_xx": 4.9642701127511575e-05,
      "i_zz": 0.0002190119167390216,
      "i_xz": 0.0,
      "j_y": 0.00026865461786653317,
      "area_enclosed": 0.2179052380944594,
      "area": 0.00724019802976017,
      "max_shear_cr": 66241363.70168735,
      "max_axial_cr": 241795491.1286847,
      "max_shear_vf": 8400622.559570273,
      "max_axial_vf": 55410969.88841483,
      "crit_buck_stress": 2481784.252433136,
      "depda": 0.1,
      "depsda": 0.4079330608400121,
      "cl_alpha": 4.8866469811700375,
      "diskarea": 17.98631287137016,
      "rotor_direction": [
            -1.0,
            1.0,
            -1.0,
            1.0,
            -1.0,
            1.0
      ],
      "cd_upsweep": 0.0037609268386981994,
      "cd_base": 0.0,
      "cL0": 0.171,
      "cL0_approach": 0.798,
      "cL_approach": 1.638,
      "h_fuselage_inner": 1.8091103599053786,
      "h_fuselage_outer": 2.0091103599053786,
      "w_fuselage_inner": 1.6,
      "w_fuselage_outer": 1.8,
      "mach_cruise": 0.2459,
      "mach_stall": 0.12087373219435008,
      "material": {
            "youngsmodulus": 70000000000.0,
            "poisson": 0.3,
            "shear_modulus": 26000000000.0,
            "beta": 1.42,
            "sigma_yield": 430000000.0,
            "ultimate_tensile_stress": 640000000.0,
            "m_crip": 0.85,
            "pb": 2.5,
            "rho": 2710,
            "g": 5,
            "shear_strength": 207000000.0
      },
      "alpha_zero_L": -0.0352,
      "alpha_zero_L_flaps20": -0.193,
      "delta_alpha_zero_L_flaps20": -0.1027196,
      "delta_alpha_zero_L_flaps60": -0.1332698,
      "ld_stall": 7.429603674765492,
      "cd_stall": 0.31986657639800564,
      "cd0_stall": 0.10979845491292427,
      "shear_modulus": 26000000000.0,
      "hortailsurf_wingsurf": 0.40238425248992593,
      "quarterchord_sweep": 0,
      "alpha_climb_clean": 0.0873,
      "cl_climb_clean": 0.592,
      "cdi_climb_clean": 0.013,
      "nacelle_width": 0.4,
      "sweep_halfchord_h": 0,
      "volume_fuselage": 0.5,
      "downwash_angle": 0.08813727018844303,
      "downwash_angle_wing": 0.04803051411612412,
      "downwash_angle_prop": 0.07357173353200624,
      "downwash_angle_stall": 0.22197201625968602,
      "downwash_angle_wing_stall": 0.1517455318010746,
      "downwash_angle_prop_stall": 0.4004370786386418,
      "v_stall_flaps20": 42,
      "alpha_climb_flaps20": 0.2,
      "cl_descent_trans_flaps20": 1.83,
      "cdi_descent_trans_flaps20": 0.091,
      "alpha_descent_trans_flaps20": 0.2119,
      "alpha_approach": 0.2,
      "CD0_vtail": 0.008684,
      "CL_cruise_h": 0.07553405574706212,
      "Vh_V2": 0.95,
      "length_wing2vtail": 3.6056264943348526,
      "rudder_max": 0.06806784082777845,
      "elevator_min": -0.2809980095710874,
      "dihedral_vtail": 0.3622747041571663,
      "surface_vtail": 6.849164271156166,
      "c_control_surface_to_c_vee_ratio": 0.2932638214088138,
      "ruddervator_efficiency": 0.5410184285450851,
      "Cm_de": -2.393127772062281,
      "Cn_dr": -0.09301890917789166,
      "Cxa": 0,
      "Cxq": 0,
      "Cza": 0,
      "Czq": 0,
      "Cma": 0,
      "Cmq": 0,
      "Cz_adot": 0,
      "Cm_adot": 0,
      "muc": 0,
      "Cxu": 0,
      "Czu": 0,
      "Cx0": 0,
      "Cz0": 0,
      "Cmu": 0,
      "Cyb": 0,
      "Cyp": 0,
      "Cyr": 0,
      "Clb": 0,
      "Clp": 0,
      "Clr": 0,
      "Cnb": 0,
      "Cnp": 0,
      "Cnr": 0,
      "Cy_dr": 0,
      "Cy_beta_dot": 0,
      "Cn_beta_dot": 0,
      "mub": 0,
      "sym_eigvals": 0,
      "asym_eigvals": 0,
      "span_vtail": 4.494531632457599,
      "cL_max": 1.59,
      "alph_zero_L": -0.0352,
      "C_T": 0.15,
      "cL_plus_slipstream": 0.8255596693527747,
      "cL_plus_slipstream_stall": 2.3764818914412795,
      "max_thrust_per_engine": 8731,
      "A_tot": 17.98631287137016,
      "bc": 0.7958561031068511,
      "bf": 1.5917122062137021,
      "hc": 0.42742658707076797,
      "hf": 0.8548531741415359,
      "thrust_per_engine": 9294.732411551626,
      "cg_rear": 0.28907197852277267,
      "cg_front": 0.125692840899951,
      "spar_thickness": 0.00221701165760171,
      "stringer_height": 0.032022072867362646,
      "stringer_thickness": 0.02110328672358982,
      "wingskin_thickness": 0.008258793640772102,
      "torsion_bar_thickness": 0.005049419859094626,
      "hub_radius": 0.1,
      "prop_radius": 1.1209942494884086,
      "prop_area": 3.947813630458557,
      "pylon_length": 2.2
}