{
      "name": "J1",
      "mtom": 1886.7874024927596,
      "oem": 1376.7874024927596,
      "wing_weight": 202.00568435426018,
      "fuselage_weight": 194.82989072706715,
      "lg_weight": 77.28238951234853,
      "vtail_weight": 101.1262848648627,
      "nacelle_weight": 67.31336897723321,
      "powertrain_weight": 65.87149604065105,
      "h2_weight": 460.82946659567654,
      "misc_weight": 207.52882142066022,
      "l_fuse": 9.057575104778431,
      "x_lewing": 4.8859293169181015,
      "w_fuse": 1.7,
      "prop_eff": 0.9,
      "v_cruise": 83.33,
      "v_max": 104.17,
      "v_stall": 45,
      "v_stall_flaps60": 40,
      "turn_loadfactor": 2,
      "h_hover": 30.5,
      "roc": 5,
      "cL_cruise": 0.5582216067261786,
      "mac": 1.143240662975109,
      "y_mac": 1.9391120475847041,
      "x_lemac": 0.10954637660063087,
      "cLmax": 1.59,
      "cLmax_flaps60": 2.01,
      "cLmax_flaps20": 1.83,
      "cl_max_airfoil": 1.77,
      "cd": 0.038068668465803764,
      "cd0": 0.023298806395109027,
      "cd0_flaps20": 0,
      "cd_tot_cruise": 0.036096433209543005,
      "clalpha": 6.21,
      "cm_ac": -0.054,
      "cm_alpha": -1.5961,
      "e": 0.799480152200161,
      "A": 8.4,
      "A_h": 6,
      "S": 9.748551382080372,
      "S_h": 3.0701355773640295,
      "c_root": 1.538977815543416,
      "c_tip": 0.6155911262173664,
      "t_r_h": 0.14877,
      "sweep_le": 0.0510204081632653,
      "sweep_1/4": 0,
      "sweep_m": -0.009637,
      "b": 9.049189555395285,
      "taper": 0.4,
      "taper_tail": 1,
      "StotS": 1.2,
      "diskloading": 120,
      "mission_energy": NaN,
      "wp_hover": 0.06822382182812936,
      "power_hover": 461100.47228455736,
      "power_climb": 177485.94614473876,
      "power_cruise": 96398.67735487383,
      "wp_cruise": 0.06822382182812936,
      "tw": 1.2333333333333332,
      "WP_hover": 0.05074320276750537,
      "WP_cruise": 0.06253341164633416,
      "TW": 1.2249512670565301,
      "WS": 1873.4920312500003,
      "ld_climb": 220.449,
      "ld_cr": 17.62345495188236,
      "ducted_bool": 0,
      "tandem_bool": 0,
      "G": 0.045,
      "n_max": 2.600002319293611,
      "n_ult": 3.9000034789404165,
      "l_cockpit": 2.103,
      "l_tail": 1.89857510477843,
      "l_fuselage": 9.295,
      "d_fuselage": 1.7,
      "upsweep": 0.1745,
      "h_wings": 0,
      "x_rotor_loc": [
            0.57,
            0.57,
            0.6481886120408265,
            0.6481886120408265,
            6.8,
            6.8
      ],
      "y_rotor_loc": [
            2.3,
            -2.3,
            4.524594777697643,
            -4.524594777697643,
            2.3,
            -2.3
      ],
      "ww": 400,
      "w_eng": 120,
      "takeoff_energy": 7195960.547423091,
      "trans2hor_energy": 10074534.40758266,
      "climb_energy": 80049955.4733758,
      "cruise_energy": 341018957.0003851,
      "descend_energy": 14847549.461391157,
      "hor_loiter_energy": 99949775.10754947,
      "trans2ver_energy": NaN,
      "ver_loiter_energy": 10904250.629440539,
      "land_energy": 6804036.485964049,
      "Vx_cr": 243.5386415938744,
      "Vy_cr": 0.0,
      "Vz_cr": -44414.17200228855,
      "Mx_cr": 107101.53450482027,
      "Mz_cr": -30.47318162041251,
      "T_cr": 15557.50040923899,
      "Vx_vf": 0.0,
      "Vy_vf": 0.0,
      "Vz_vf": -6504.521187161524,
      "Mx_vf": 24550.864965631103,
      "Mz_vf": 0.0,
      "T_vf": 578.3028458404551,
      "thickness_to_chord": 0.12,
      "i_xx": 4.9642701127511575e-05,
      "i_zz": 0.0002190119167390216,
      "i_xz": 0.0,
      "j_y": 0.00026865461786653317,
      "area_enclosed": 0.2179052380944594,
      "area": 0.00724019802976017,
      "max_shear_cr": 66241363.70168735,
      "max_axial_cr": 241795491.1286847,
      "max_shear_vf": 8400622.559570273,
      "max_axial_vf": 55410969.88841483,
      "crit_buck_stress": 2481784.252433136,
      "depda": 0.1,
      "depsda": 0.3703920928816606,
      "cl_alpha": 4.8866469811700375,
      "diskarea": 17.98631287137016,
      "rotor_direction": [
            -1.0,
            1.0,
            -1.0,
            1.0,
            -1.0,
            1.0
      ],
      "cd_upsweep": 0.004320508802446367,
      "cd_base": 0.0,
      "cL0": 0.171,
      "cL0_approach": 0.798,
      "cL_approach": 1.638,
      "h_fuselage_inner": 1.8091103599053806,
      "h_fuselage_outer": 2.009110359905381,
      "w_fuselage_inner": 1.6,
      "w_fuselage_outer": 1.8,
      "mach_cruise": 0.2459,
      "mach_stall": 0.12087373219435008,
      "material": {
            "youngsmodulus": 70000000000.0,
            "poisson": 0.3,
            "shear_modulus": 26000000000.0,
            "beta": 1.42,
            "sigma_yield": 430000000.0,
            "ultimate_tensile_stress": 640000000.0,
            "m_crip": 0.85,
            "pb": 2.5,
            "rho": 2710,
            "g": 5
      },
      "alpha_zero_L": -0.0352,
      "alpha_zero_L_flaps20": -0.193,
      "delta_alpha_zero_L_flaps20": -0.1027196,
      "delta_alpha_zero_L_flaps60": -0.1332698,
      "ld_stall": 7.914779548488204,
      "cd_stall": 0.30025875981538985,
      "cd0_stall": 0.10876471631366603,
      "shear_modulus": 26000000000.0,
      "hortailsurf_wingsurf": 0.314932491714359,
      "quarterchord_sweep": 0,
      "alpha_climb_clean": 0.0873,
      "cl_climb_clean": 0.592,
      "cdi_climb_clean": 0.013,
      "nacelle_width": 0.4,
      "sweep_halfchord_h": 0,
      "volume_fuselage": 0.5,
      "downwash_angle": 0.0788965476150046,
      "downwash_angle_wing": 0.042293917952750226,
      "downwash_angle_prop": 0.0671352464773423,
      "downwash_angle_stall": 0.22197201625968602,
      "downwash_angle_wing_stall": 0.1517455318010746,
      "downwash_angle_prop_stall": 0.4004370786386418,
      "v_stall_flaps20": 42,
      "alpha_climb_flaps20": 0.2,
      "cl_descent_trans_flaps20": 1.83,
      "cdi_descent_trans_flaps20": 0.091,
      "alpha_descent_trans_flaps20": 0.2119,
      "alpha_approach": 0.2,
      "CD0_vtail": 0.008684,
      "CL_cruise_h": 0.20154326105492362,
      "Vh_V2": 0.95,
      "length_wing2vtail": 3.896998637170775,
      "rudder_max": 0.06457718232378978,
      "elevator_min": -0.28448866807507606,
      "dihedral_vtail": 0.3781602295128392,
      "surface_vtail": 3.5547018459192707,
      "c_control_surface_to_c_vee_ratio": "Not possible. Lower CLh in the horizontal tail sizing program",
      "ruddervator_efficiency": 0.5505336656417108,
      "Cm_de": -2.667165262529979,
      "Cn_dr": -0.09791464123988597,
      "Cxa": 0,
      "Cxq": 0,
      "Cza": 0,
      "Czq": 0,
      "Cma": 0,
      "Cmq": 0,
      "Cz_adot": 0,
      "Cm_adot": 0,
      "muc": 0,
      "Cxu": 0,
      "Czu": 0,
      "Cx0": 0,
      "Cz0": 0,
      "Cmu": 0,
      "Cyb": 0,
      "Cyp": 0,
      "Cyr": 0,
      "Clb": 0,
      "Clp": 0,
      "Clr": 0,
      "Cnb": 0,
      "Cnp": 0,
      "Cnr": 0,
      "Cy_dr": 0,
      "Cy_beta_dot": 0,
      "Cn_beta_dot": 0,
      "mub": 0,
      "sym_eigvals": 0,
      "asym_eigvals": 0,
      "span_vtail": 4.964143342536728,
      "cL_max": 1.59,
      "alph_zero_L": -0.0352,
      "C_T": 0.15,
      "cL_plus_slipstream": 0.8167566383790774,
      "cL_plus_slipstream_stall": 2.3764818914412795,
      "max_thrust_per_engine": 4400,
      "A_tot": 17.98631287137016,
      "bc": 0.7972498539373807,
      "bf": 1.5944997078747614,
      "hc": 0.42811620333487843,
      "hf": 0.8562324066697568
}