{
    "name": "J1",
    "mtom": 1487.8622830132285,
    "oem": 977.8622830132286,
    "wing_weight": 228.66012977651127,
    "fuselage_weight": 144.1517965729389,
    "lg_weight": 62.32680641346906,
    "vtail_weight": 12.915657157202567,
    "nacelle_weight": 48.28566610727854,
    "powertrain_weight": 47.251372381637275,
    "h2_weight": 318.11184943827647,
    "misc_weight": 174.343298410189,
    "l_fuse": 7.1844806390663685,
    "x_lewing": 4.315086497394226,
    "w_fuse": 1.7,
    "prop_eff": 0.9,
    "v_cruise": 83.33,
    "v_max": 104.17,
    "v_stall": 45,
    "v_stall_flaps60": 40,
    "turn_loadfactor": 2,
    "h_hover": 30.5,
    "roc": 5,
    "cL_cruise": 0.5582216067261786,
    "mac": 1.0220171061628647,
    "y_mac": 1.7334982454531667,
    "x_lemac": 0.10954637660063087,
    "cLmax": 1.59,
    "cLmax_flaps60": 2.01,
    "cLmax_flaps20": 1.83,
    "cl_max_airfoil": 1.77,
    "cd": 0.043279068892079255,
    "cd0": 0.028509206821384518,
    "cd0_flaps20": 0,
    "cd_tot_cruise": 0.036096433209543005,
    "clalpha": 6.21,
    "cm_ac": -0.054,
    "cm_alpha": -1.5961,
    "e": 0.799480152200161,
    "A": 8.4,
    "A_h": 6,
    "S": 7.790782655157203,
    "S_h": 7.329573257843283,
    "c_root": 1.375792258296164,
    "c_tip": 0.687896129148082,
    "t_r_h": 0.14877,
    "sweep_le": 0.0510204081632653,
    "sweep_1/4": 0,
    "sweep_m": -0.009637,
    "b": 8.089658478781445,
    "taper": 0.5,
    "taper_tail": 1,
    "StotS": 1.2,
    "diskloading": 120,
    "mission_energy": 604375781.2582729,
    "wp_hover": 0.06822382182812936,
    "power_hover": 330759.6066714609,
    "power_climb": 118079.01868789573,
    "power_cruise": 118079.01868789573,
    "wp_cruise": 0.06822382182812936,
    "tw": 1.2333333333333332,
    "WP_hover": 0.05074320276750537,
    "WP_cruise": 0.06253341164633416,
    "TW": 1.2249512670565301,
    "WS": 1873.4920312500003,
    "ld_climb": 220.449,
    "ld_cr": 10.903876600056547,
    "ducted_bool": 0,
    "tandem_bool": 0,
    "G": 0.045,
    "n_max": 2.600002319293611,
    "n_ult": 3.9000034789404165,
    "l_cockpit": 2.103,
    "l_tail": 2.025480639066368,
    "l_fuselage": 9.295,
    "d_fuselage": 1.7,
    "upsweep": 0.1745,
    "h_wings": 0,
    "x_rotor_loc": [
        1.57,
        1.57,
        4.796613787797884,
        4.796613787797884,
        6.8,
        6.8
    ],
    "y_rotor_loc": [
        2.3,
        -2.3,
        4.044829239390722,
        -4.044829239390722,
        2.3,
        -2.3
    ],
    "ww": 400,
    "w_eng": 120,
    "takeoff_energy": 5060621.982073352,
    "trans2hor_energy": 7168169.675043152,
    "climb_energy": 62257155.10895146,
    "cruise_energy": 428328205.2232143,
    "descend_energy": 11547369.096384864,
    "hor_loiter_energy": 77733817.77888839,
    "trans2ver_energy": 4644594.469305442,
    "ver_loiter_energy": 7635847.924411964,
    "land_energy": 6804036.485964049,
    "Vx_cr": 243.5386415938744,
    "Vy_cr": 0.0,
    "Vz_cr": -44414.17200228855,
    "Mx_cr": 107101.53450482027,
    "Mz_cr": -30.47318162041251,
    "T_cr": 15557.50040923899,
    "Vx_vf": 0.0,
    "Vy_vf": 0.0,
    "Vz_vf": -6504.521187161524,
    "Mx_vf": 24550.864965631103,
    "Mz_vf": 0.0,
    "T_vf": 578.3028458404551,
    "thickness_to_chord": 0.12,
    "i_xx": 4.9642701127511575e-05,
    "i_zz": 0.0002190119167390216,
    "i_xz": 0.0,
    "j_y": 0.00026865461786653317,
    "area_enclosed": 0.2179052380944594,
    "area": 0.00724019802976017,
    "max_shear_cr": 66241363.70168735,
    "max_axial_cr": 241795491.1286847,
    "max_shear_vf": 8400622.559570273,
    "max_axial_vf": 55410969.88841483,
    "crit_buck_stress": 2481784.252433136,
    "depda": 0.1,
    "depsda": 0.3703920928816606,
    "cl_alpha": 4.8866469811700375,
    "diskarea": 17.98631287137016,
    "rotor_direction": [
        -1.0,
        1.0,
        -1.0,
        1.0,
        -1.0,
        1.0
    ],
    "cd_upsweep": 0.004268647560388147,
    "cd_base": 0.0,
    "cL0": 0.171,
    "cL0_approach": 0.798,
    "cL_approach": 1.638,
    "h_fuselage_inner": 1.8091103599053775,
    "h_fuselage_outer": 2.0091103599053777,
    "w_fuselage_inner": 1.6,
    "w_fuselage_outer": 1.8,
    "mach_cruise": 0.2459,
    "mach_stall": 0.12087373219435008,
    "material": {
        "youngsmodulus": 70000000000.0,
        "poisson": 0.3,
        "shear_modulus": 26000000000.0,
        "beta": 1.42,
        "sigma_yield": 430000000.0,
        "ultimate_tensile_stress": 640000000.0,
        "shear_strength": 207000000.0,
        "m_crip": 0.85,
        "pb": 2.5,
        "rho": 2710,
        "g": 5
    },
    "alpha_zero_L": -0.0352,
    "alpha_zero_L_flaps20": -0.193,
    "delta_alpha_zero_L_flaps20": -0.1027196,
    "delta_alpha_zero_L_flaps60": -0.1332698,
    "ld_stall": 7.7702188933175655,
    "cd_stall": 0.30584490914214374,
    "cd0_stall": 0.1143508656404199,
    "shear_modulus": 26000000000.0,
    "hortailsurf_wingsurf": 0.9408006335526999,
    "quarterchord_sweep": 0,
    "alpha_climb_clean": 0.0873,
    "cl_climb_clean": 0.592,
    "cdi_climb_clean": 0.013,
    "nacelle_width": 0.4,
    "sweep_halfchord_h": 0,
    "volume_fuselage": 0.5,
    "downwash_angle": 0.0788965476150046,
    "downwash_angle_wing": 0.042293917952750226,
    "downwash_angle_prop": 0.0671352464773423,
    "downwash_angle_stall": 0.22197201625968602,
    "downwash_angle_wing_stall": 0.1517455318010746,
    "downwash_angle_prop_stall": 0.4004370786386418,
    "v_stall_flaps20": 42,
    "alpha_climb_flaps20": 0.2,
    "cl_descent_trans_flaps20": 1.83,
    "cdi_descent_trans_flaps20": 0.091,
    "alpha_descent_trans_flaps20": 0.2119,
    "alpha_approach": 0.2,
    "CD0_vtail": 0.008684,
    "CL_cruise_h": 0.1049583214172564,
    "Vh_V2": 0.95,
    "length_wing2vtail": 2.5145706812552007,
    "rudder_max": 0.05061454830783513,
    "elevator_min": -0.2984513020910307,
    "dihedral_vtail": 0.27241993468575537,
    "surface_vtail": 7.901609084257511,
    "c_control_surface_to_c_vee_ratio": 0.24497378052742783,
    "ruddervator_efficiency": 0.4766317073699038,
    "Cm_de": -4.804385091649872,
    "Cn_dr": -0.12402521223718918,
    "Cxa": 0,
    "Cxq": 0,
    "Cza": 0,
    "Czq": 0,
    "Cma": 0,
    "Cmq": 0,
    "Cz_adot": 0,
    "Cm_adot": 0,
    "muc": 0,
    "Cxu": 0,
    "Czu": 0,
    "Cx0": 0,
    "Cz0": 0,
    "Cmu": 0,
    "Cyb": 0,
    "Cyp": 0,
    "Cyr": 0,
    "Clb": 0,
    "Clp": 0,
    "Clr": 0,
    "Cnb": 0,
    "Cnp": 0,
    "Cnr": 0,
    "Cy_dr": 0,
    "Cy_beta_dot": 0,
    "Cn_beta_dot": 0,
    "mub": 0,
    "sym_eigvals": 0,
    "asym_eigvals": 0,
    "span_vtail": 3.829041517271237,
    "cL_max": 1.59,
    "alph_zero_L": -0.0352,
    "C_T": 0.15,
    "cL_plus_slipstream": 0.8171382188177261,
    "cL_plus_slipstream_stall": 2.3764818914412795,
    "max_thrust_per_engine": 4400,
    "A_tot": 17.98631287137016,
    "bc": 0.7811571418298958,
    "bf": 1.5623142836597916,
    "hc": 0.4121633737965167,
    "hf": 0.8243267475930334,
    "thrust_per_engine": 3000.274293696175,
    "cg_rear": 0.1435437037318205,
    "cg_front": -0.19525136284997102,
    "spar_thickness": 0.005000277714220205,
    "stringer_height": 0.03260090588021502,
    "stringer_thickness": 0.02372606610044734,
    "wingskin_thickness": 0.0014195783901610008,
    "torsion_bar_thickness": 0.002602738242943038
}