{
    "name": "J1",
    "mtom": 2339.071443325267,
    "oem": 1829.071443325267,
    "wing_weight": 228.66012977651127,
    "fuselage_weight": 172.76756641342743,
    "lg_weight": 98.9814280989282,
    "vtail_weight": 36.12314388526402,
    "nacelle_weight": 98.38140583693115,
    "powertrain_weight": 456,
    "h2_weight": 467.1941978756105,
    "misc_weight": 254.4740443657773,
    "l_fuse": 7.911927572369146,
    "x_lewing": 4.45180156797694,
    "w_fuse": 1.7,
    "prop_eff": 0.9,
    "v_cruise": 83.33,
    "v_max": 104.17,
    "v_stall": 45,
    "v_stall_flaps60": 40,
    "turn_loadfactor": 2,
    "h_hover": 30.5,
    "roc": 5,
    "cL_cruise": 0.5582216067261786,
    "mac": 1.299165697060478,
    "y_mac": 2.2035848938602722,
    "x_lemac": 0.10954637660063087,
    "cLmax": 1.59,
    "cLmax_flaps60": 2.01,
    "cLmax_flaps20": 1.83,
    "cl_max_airfoil": 1.77,
    "cd": 0.04068043372915212,
    "cd0": 0.025910571658457386,
    "cd0_flaps20": 0,
    "cd_tot_cruise": 0.036096433209543005,
    "clalpha": 6.21,
    "cm_ac": -0.054,
    "cm_alpha": -1.5961,
    "e": 0.799480152200161,
    "A": 8.4,
    "A_h": 6,
    "S": 12.589075811534927,
    "S_h": 4.966043571412078,
    "c_root": 1.7488768998891049,
    "c_tip": 0.6995507599556421,
    "t_r_h": 0.14877,
    "sweep_le": 0.0510204081632653,
    "sweep_1/4": 0,
    "sweep_m": -0.009637,
    "b": 10.283396171347936,
    "taper": 0.4,
    "taper_tail": 1,
    "StotS": 1.2,
    "diskloading": 120,
    "mission_energy": 804124552.9814137,
    "wp_hover": 0.06822382182812936,
    "power_hover": 673918.3223880923,
    "power_climb": 131065.27661566225,
    "power_cruise": 131065.27661566225,
    "wp_cruise": 0.06822382182812936,
    "tw": 1.2333333333333332,
    "WP_hover": 0.05074320276750537,
    "WP_cruise": 0.06253341164633416,
    "TW": 1.2249512670565301,
    "WS": 1873.4920312500003,
    "ld_climb": 220.449,
    "ld_cr": 16.37847812802691,
    "ducted_bool": 0,
    "tandem_bool": 0,
    "G": 0.045,
    "n_max": 2.600002319293611,
    "n_ult": 3.9000034789404165,
    "l_cockpit": 2.103,
    "l_tail": 2.752927572369146,
    "l_fuselage": 9.295,
    "d_fuselage": 1.7,
    "upsweep": 0.1745,
    "h_wings": 0,
    "x_rotor_loc": [
          0.57,
          0.57,
          5.0289309449403445,
          5.0289309449403445,
          6.8,
          6.8
    ],
    "y_rotor_loc": [
          2.3,
          -2.3,
          5.141698085673968,
          -5.141698085673968,
          2.3,
          -2.3
    ],
    "ww": 400,
    "w_eng": 120,
    "takeoff_energy": 10310950.332537813,
    "trans2hor_energy": 9868288.092505546,
    "climb_energy": 107263478.94529112,
    "cruise_energy": 476831884.6361789,
    "descend_energy": 19399331.20027373,
    "hor_loiter_energy": 129603738.23419474,
    "trans2ver_energy": 35162174.52470476,
    "ver_loiter_energy": 15684707.015726985,
    "land_energy": 6804036.485964049,
    "Vx_cr": 243.5386415938744,
    "Vy_cr": 0.0,
    "Vz_cr": -44414.17200228855,
    "Mx_cr": 107101.53450482027,
    "Mz_cr": -30.47318162041251,
    "T_cr": 15557.50040923899,
    "Vx_vf": 0.0,
    "Vy_vf": 0.0,
    "Vz_vf": -6504.521187161524,
    "Mx_vf": 24550.864965631103,
    "Mz_vf": 0.0,
    "T_vf": 578.3028458404551,
    "thickness_to_chord": 0.12,
    "i_xx": 4.9642701127511575e-05,
    "i_zz": 0.0002190119167390216,
    "i_xz": 0.0,
    "j_y": 0.00026865461786653317,
    "area_enclosed": 0.2179052380944594,
    "area": 0.00724019802976017,
    "max_shear_cr": 66241363.70168735,
    "max_axial_cr": 241795491.1286847,
    "max_shear_vf": 8400622.559570273,
    "max_axial_vf": 55410969.88841483,
    "crit_buck_stress": 2481784.252433136,
    "depda": 0.1,
    "depsda": 0.3703920928816606,
    "cl_alpha": 4.8866469811700375,
    "diskarea": 17.98631287137016,
    "rotor_direction": [
          -1.0,
          1.0,
          -1.0,
          1.0,
          -1.0,
          1.0
    ],
    "cd_upsweep": 0.004033810904008154,
    "cd_base": 0.0,
    "cL0": 0.171,
    "cL0_approach": 0.798,
    "cL_approach": 1.638,
    "h_fuselage_inner": 1.8091103599053797,
    "h_fuselage_outer": 2.00911035990538,
    "w_fuselage_inner": 1.6,
    "w_fuselage_outer": 1.8,
    "mach_cruise": 0.2459,
    "mach_stall": 0.12087373219435008,
    "material": {
          "youngsmodulus": 70000000000.0,
          "poisson": 0.3,
          "shear_modulus": 26000000000.0,
          "beta": 1.42,
          "sigma_yield": 430000000.0,
          "ultimate_tensile_stress": 640000000.0,
          "m_crip": 0.85,
          "pb": 2.5,
          "rho": 2710,
          "g": 5
    },
    "alpha_zero_L": -0.0352,
    "alpha_zero_L_flaps20": -0.193,
    "delta_alpha_zero_L_flaps20": -0.1027196,
    "delta_alpha_zero_L_flaps60": -0.1332698,
    "ld_stall": 7.836315403869707,
    "cd_stall": 0.30326521700080267,
    "cd0_stall": 0.11177117349907881,
    "shear_modulus": 26000000000.0,
    "hortailsurf_wingsurf": 0.394472449428088,
    "quarterchord_sweep": 0,
    "alpha_climb_clean": 0.0873,
    "cl_climb_clean": 0.592,
    "cdi_climb_clean": 0.013,
    "nacelle_width": 0.4,
    "sweep_halfchord_h": 0,
    "volume_fuselage": 0.5,
    "downwash_angle": 0.0788965476150046,
    "downwash_angle_wing": 0.042293917952750226,
    "downwash_angle_prop": 0.0671352464773423,
    "downwash_angle_stall": 0.22197201625968602,
    "downwash_angle_wing_stall": 0.1517455318010746,
    "downwash_angle_prop_stall": 0.4004370786386418,
    "v_stall_flaps20": 42,
    "alpha_climb_flaps20": 0.2,
    "cl_descent_trans_flaps20": 1.83,
    "cdi_descent_trans_flaps20": 0.091,
    "alpha_descent_trans_flaps20": 0.2119,
    "alpha_approach": 0.2,
    "CD0_vtail": 0.008684,
    "CL_cruise_h": 0.12202957162133372,
    "Vh_V2": 0.95,
    "length_wing2vtail": 3.0485330832358497,
    "rudder_max": 0.07155849933176711,
    "elevator_min": -0.27750735106709873,
    "dihedral_vtail": 0.3945627572169342,
    "surface_vtail": 5.827095256548726,
    "c_control_surface_to_c_vee_ratio": 0.29811702148837127,
    "ruddervator_efficiency": 0.547489361984495,
    "Cm_de": -2.3023571668618885,
    "Cn_dr": -0.08858943731227774,
    "Cxa": 0,
    "Cxq": 0,
    "Cza": 0,
    "Czq": 0,
    "Cma": 0,
    "Cmq": 0,
    "Cz_adot": 0,
    "Cm_adot": 0,
    "muc": 0,
    "Cxu": 0,
    "Czu": 0,
    "Cx0": 0,
    "Cz0": 0,
    "Cmu": 0,
    "Cyb": 0,
    "Cyp": 0,
    "Cyr": 0,
    "Clb": 0,
    "Clp": 0,
    "Clr": 0,
    "Cnb": 0,
    "Cnp": 0,
    "Cnr": 0,
    "Cy_dr": 0,
    "Cy_beta_dot": 0,
    "Cn_beta_dot": 0,
    "mub": 0,
    "sym_eigvals": 0,
    "asym_eigvals": 0,
    "span_vtail": 4.336629193131213,
    "cL_max": 1.59,
    "alph_zero_L": -0.0352,
    "C_T": 0.15,
    "cL_plus_slipstream": 0.8169479093857758,
    "cL_plus_slipstream_stall": 2.3764818914412795,
    "max_thrust_per_engine": 4400,
    "A_tot": 17.98631287137016,
    "bc": 0.7752303254996373,
    "bf": 1.5504606509992747,
    "hc": 0.4074735840017943,
    "hf": 0.8149471680035886,
    "thrust_per_engine": 4848.137382818745,
    "cg_rear": 0.19175068152438754,
    "cg_front": 0.0034679551063963375,
    "spar_thickness": 0.005000277714220205,
    "stringer_height": 0.03260090588021502,
    "stringer_thickness": 0.02372606610044734,
    "wingskin_thickness": 0.0014195783901610008,
    "torsion_bar_thickness": 0.002602738242943038
}