{
      "name": "J1",
      "mtom": 2014.0845183864242,
      "oem": 1504.0845183864242,
      "wing_weight": 234.82821609644068,
      "fuselage_weight": 267.6868219555329,
      "lg_weight": 83.37064356845063,
      "hortail_weight": 30.690179783490148,
      "nacelle_weight": 63.189645806937655,
      "powertrain_weight": 61.836104281003166,
      "h2_weight": 404.922950374662,
      "misc_weight": 220.82500030295927,
      "l_fuse": 9.295,
      "w_fuse": 1.7,
      "eff": 0.9,
      "v_cruise": 83.33,
      "v_max": 104.17,
      "v_stall": 45,
      "loadfactor": 2,
      "h_hover": 30.5,
      "roc": 5,
      "cL_cruise": 0.4318762219410193,
      "mac": 1.2239981157722837,
      "y_mac": 2.0760891117522196,
      "x_lemac": 0.10954637660063087,
      "cLmax": 1.59,
      "cd": 0.03193693244875912,
      "cd0": 0.023096332433206548,
      "clalpha": 4.97,
      "cm": -0.115,
      "e": 0.799480152200161,
      "A": 8.4,
      "A_h": 6,
      "S": 11.174452592426977,
      "S_h": 3.25,
      "c_root": 1.6476897712319203,
      "c_tip": 0.6590759084927682,
      "t_r_h": 0.14877,
      "cm_alpha": -1.596,
      "sweep_le": 0.0527657391874541,
      "sweep_1/4": 0,
      "sweep_m": -0.255,
      "b": 9.688415854843692,
      "taper": 0.4,
      "StotS": 1.2,
      "diskloading": 120,
      "mission_energy": 733992472.171199,
      "wp_hover": 0.06822382182812936,
      "power_hover": 432878.7685008527,
      "power_climb": 101123.08823769282,
      "power_cruise": 129914.76780704118,
      "wp_cruise": 0.06822382182812936,
      "tw": 1.2333333333333332,
      "WP_hover": 0.052530378853118634,
      "WP_cruise": 0.06099769273896931,
      "TW": 1.2249512670565301,
      "WS": 1767.4453125,
      "ld_climb": 220.449,
      "ld_cr": 13.522783461872509,
      "ducted_bool": 0,
      "tandem_bool": 0,
      "G": 0.045,
      "n_max": 3.0592578256091785,
      "n_ult": 4.588886738413768,
      "A_tot": 55.78,
      "l_cockpit": 2.103,
      "l_cabin": 3.25,
      "l_tail": 3.942,
      "l_fuselage": 9.295,
      "d_fuselage": 1.7,
      "upsweep": 0.1745,
      "h_wings": 0,
      "x_rotor_loc": [
            0.57,
            0.57,
            3.4,
            3.4,
            6.8,
            6.8
      ],
      "y_rotor_loc": [
            2.3,
            -2.3,
            5.4,
            -5.4,
            2.3,
            -2.3
      ],
      "ww": 400,
      "w_eng": 120,
      "takeoff_energy": 8352338.185824435,
      "trans2hor_energy": 3235137.7241376257,
      "climb_energy": 7483108.529589268,
      "cruise_energy": 597971678.2768582,
      "descend_energy": 1790321.53305259,
      "hor_loiter_energy": 93313505.26345265,
      "trans2ver_energy": 2236974.4451955846,
      "ver_loiter_energy": 12986363.055025581,
      "land_energy": 6623045.158063047,
      "Vx_cr": 243.5386415938744,
      "Vy_cr": 0.0,
      "Vz_cr": -44414.17200228855,
      "Mx_cr": 107101.53450482027,
      "Mz_cr": -30.47318162041251,
      "T_cr": 15557.50040923899,
      "Vx_vf": 0.0,
      "Vy_vf": 0.0,
      "Vz_vf": -6504.521187161524,
      "Mx_vf": 24550.864965631103,
      "Mz_vf": 0.0,
      "T_vf": 578.3028458404551,
      "thickness_to_chord": 0.17,
      "i_xx": 4.9642701127511575e-05,
      "i_zz": 0.0002190119167390216,
      "i_xz": 0.0,
      "j_y": 0.00026865461786653317,
      "area_enclosed": 0.2179052380944594,
      "area": 0.00724019802976017,
      "max_shear_cr": 66241363.70168735,
      "max_axial_cr": 241795491.1286847,
      "max_shear_vf": 8400622.559570273,
      "max_axial_vf": 55410969.88841483,
      "crit_buck_stress": 2481784.252433136,
      "depsda": 0.1,
      "cl_alpha": 4.866549364550132,
      "diskarea": 16.784037653220203,
      "rotor_direction": [
            -1.0,
            1.0,
            -1.0,
            1.0,
            -1.0,
            1.0
      ],
      "cd_upsweep": 0.003276899118861381,
      "cd_base": 0.0,
      "b_h": 4.415880433163924,
      "c_root_h": 1.0514001031342675,
      "c_tip_h": 0.420560041253707,
      "mac_h": 0.7810400766140272,
      "y_mac_h": 0.9462600928208409,
      "cm_alpha_h": 0,
      "cl_alpha_h": 4.2966,
      "cmac_h": 0,
      "cL_approach": 1.638,
      "cL_approach_h": -0.636,
      "h_fuselage": 1.8,
      "w_fuselage": 1.7
}