{
  "Aerodynamics": {
    "e": 0.7566,
    "AR": 10,
    "CDmin": 0.02829,
    "CLforCDmin": 0.2401,
    "CLmax_front": 1.452,
    "CLmax_back": 0,
    "CLalpha_front": 4.908,
    "CLalpha_back": 0,
    "S_front": 13.321448663853726,
    "S_back": 0,
    "Sweep_front": 0,
    "Sweep_back": 0,
    "Cm_ac_front": 0.0463,
    "Cm_ac_back": 0,
    "LD_ratio": 19.347,
    "MAC1": 1.181,
    "MAC2": 0,
    "Stot/Sw": 1.4,
    "c_r": 1.589,
    "c_t": 0.6358,
    "xoc_ac": 0.263,
    "t/c": 0.126
  },
  "Stability and Control": {
    "Placeholder": 1
  },
  "Structures": {
    "config": 3,
    "WingLoading": 1422,
    "maxPerimeter": 8.77182,
    "mPropellers": 100.0,
    "weightFractions": {
      "Front wing": {
        "mass": 211.5286237107415,
        "fracOEM": 0.17137272243972998,
        "fracEM": 0.11788796333484206
      },
      "Back wing": {
        "mass": 0,
        "fracOEM": 0.0,
        "fracEM": 0.0
      },
      "Fuselage": {
        "mass": 112.48147152994906,
        "fracOEM": 0.09112835729728003,
        "fracEM": 0.06268755196792952
      },
      "Landing gear": {
        "mass": 77.24,
        "fracOEM": 0.06257701132375199,
        "fracEM": 0.043046969853285204
      },
      "Propulsion": {
        "mass": 400.0,
        "fracOEM": 0.3240653098071051,
        "fracEM": 0.22292578898645887
      },
      "Cargo": {
        "mass": 85,
        "fracOEM": 0.0,
        "fracEM": 0.04737173015962251
      },
      "Battery": {
        "mass": 433.069,
        "fracOEM": 0.35085659913213296,
        "fracEM": 0.24135562127644192
      },
      "Payload": {
        "mass": 475,
        "fracOEM": 0.0,
        "fracEM": 0.38482755539593727
      }
    },
    "MaxNormalStress": 10.551161553760148,
    "MaxShearStress": -5.365502150417072,
    "critBucklingStress": 61.00301951484689,
    "fatigueLife": -1057731929.4283823,
    "deflectionX": 0.0002330191527441793,
    "deflectionY": 0.0006923285535802198,
    "maxVonMises": 14.060328947501084,
    "EOW": 12108.670324311175,
    "MTOW": 17602.270324311176,
    "cgOEM": 1.808379550658142,
    "cgMTOM": 1.830843476800573,
    "Passed": false,
    "w_fus": 1.3,
    "h_fus": 1.6,
    "l_fus": 4
  },
  "Propulsion": {
    "eff_P_cr": 0.94,
    "eff_D_cr": 0.92,
    "eff_F_cr": 0.83,
    "eff_M_cr": 0.95,
    "eff_PE_cr": 0.98,
    "eff_B_cr": 0.98,
    "eff_D_h": 0.96,
    "eff_F_h": 0.88,
    "eff_M_h": 0.92,
    "eff_PE_h": 0.95,
    "eff_B_h": 0.8,
    "eff_cruise": 0.99355,
    "eff_hover": 1,
    "N_cruise": 4,
    "N_hover": 6,
    "TA": 800,
    "Max_T_engine": 10444.025,
    "Max_T_wing_engine": 1114.78678,
    "V_e_LTO": 35.78922,
    "TW_ratio": 2.5,
    "D_inner_ratio": 0.1,
    "D_loading": 80,
    "Prop_config": 3,
    "Ducted": 0,
    "DA_per_prop": 5.32497,
    "DA_per_prop_wing": 0.56838,
    "P_cr_ideal_ADT": 57322.2412,
    "P_cr_estim": 102327.44,
    "P_hover_estim": 639937.777,
    "P_max_estim": 2529576.17046,
    "E_hover": 42.6625,
    "E_cr": 158.545,
    "E_tot": 201.2075,
    "Bat_mass": 402.415,
    "Bat_volume": 0.201207,
    "num_blades": 5,
    "rpm": 1000
  },
  "Requirements": {
    "V_stall": 40,
    "V_max": 100,
    "ROC": 10,
    "n_turn": 2,
    "ROC_hover": 2,
    "ROD_hover": -1,
    "Loiter time": 900,
    "Hover loiter": 30
  },
  "Flight performance": {
    "V_cruise": 50.09117004258135,
    "h_cruise": 1,
    "S": 12.37853046716679,
    "P": 1,
    "WP_cruise": 0.059054936107583784,
    "WP_hover": 0.029031044941885197,
    "WS": 1422.0,
    "P_tot": 652511.8209806293,
    "P_cruise": 320770.8152539571,
    "W/P hover": 0.029087733970843892,
    "W/P cruise": 0.0679741528408497,
    "P tot": 383532.31857118354,
    "P cruise": 225875.82231360232,
    "t_TO": 20,
    "t_land": 40,
    "Gamma descent": 5,
    "WP hover": 0.045895142265681574,
    "WP cruise": 0.07792897063534525,
    "TWR": 1
  }
}