{
      "Wing": {
            "aspect_ratio": 7.65,
            "quarterchord_sweep": 0.01,
            "taper": 0.5,
            "washout": 0.05235987755982988,
            "label": "Wing",
            "surface": 14.87697073278428,
            "span": 10.492358334645441,
            "chord_root": 1.890515015251431,
            "chord_tip": 0.9452575076257155,
            "chord_mac": 1.4704005674177796,
            "y_mac": 2.3316351854767645,
            "sweep_LE": 0.04521957797201667,
            "x_lemac": 0.10543555907196411,
            "x_lewing": 6.450552149916136,
            "thickness_to_chord": 0.12,
            "wing_weight": 226.3910060797149
      },
      "Veetail": {
            "label": "Vtail",
            "surface": 10.149878896708445,
            "quarterchord_sweep": 0.03,
            "length_wing2vtail": 4.645315322211888,
            "virtual_hor_surface": 4.9892510217536525,
            "virtual_ver_surface": null,
            "rudder_max": 0.32986722862692824,
            "elevator_min": -0.019198621771937624,
            "dihedral": 0.3946212611419506,
            "taper": 1.0,
            "c_control_surface_to_c_vee_ratio": 0.023676282631817033,
            "cL_cruise": 0.09803804945240482,
            "max_clh": -0.1,
            "ruddervator_efficiency": 0.05524465947423974,
            "span": 8.89769944391953,
            "vtail_weight": 215.88432584231052,
            "thickness_to_chord": 0.12,
            "aspect_ratio": 7.800000000000005,
            "chord_root": 1.1407306979384007,
            "chord_tip": 1.1407306979384007,
            "chord_mac": 1.1407306979384004
      },
      "Fuselage": {
            "label": "Fuselage",
            "length_fuselage": 10.940477658668339,
            "length_tail": 5.781477658668338,
            "diameter_fuselage": 2.0,
            "upsweep": 0.30326278829415343,
            "volume_fuselage": 8.0,
            "length_cabin": 2.7,
            "height_cabin": 1.6,
            "height_fuselage_outer": 2.0091103599053786,
            "height_fuselage_inner": 1.8091103599053786,
            "width_fuselage_inner": 2.08,
            "width_fuselage_outer": 2.2,
            "length_cockpit": 2.103,
            "length_tank": 2.8461538461538463,
            "tank_radius": 0.26587649566681304,
            "limit_fuselage": 10.940477658668339,
            "volume_powersys": 1.1854207517768751,
            "crash_box_area": 1.19200519242562,
            "fuselage_weight": 334.352561173129,
            "bc": 1.0635059826672522,
            "hc": 0.5511038906396183,
            "bf": 1.772509971112087,
            "hf": 0.9185064843993639
      },
      "AircraftParameters": {
            "label": "Aircraft",
            "MTOM": 3035.507702573574,
            "Stots": 12.0,
            "prop_eff": 0.9,
            "glide_slope": 0.20943951023931956,
            "mission_energy": 1408279853.1109276,
            "mission_time": 5884.393270797767,
            "climb_energy": 161603664.27652413,
            "cruise_energy": 1006964675.9473258,
            "descend_energy": 0,
            "hover_energy": 27310116.871806946,
            "hor_loiter_energy": 212401396.0152708,
            "cruisePower": 249598.0046163157,
            "hoverPower": 910337.2290602315,
            "max_thrust": 35747.94409877891,
            "TW_max": 1.2352253181974544,
            "v_stall": 45.0,
            "v_approach": null,
            "OEM": 2525.507702573574,
            "wing_loading_cruise": 2003.1046875,
            "turn_loadfactor": 0.9,
            "v_max": 90.0,
            "max_thrust_per_engine": null,
            "n_max": 2.5,
            "n_ult": 3.75,
            "oem_cg": 5.834760333830764,
            "cg_front": 5.768887745686957,
            "cg_rear": 6.559358803412645,
            "cg_front_bar": 0.027304104528394626,
            "cg_rear_bar": 0.5648930277385247,
            "wing_loc": 0.5669491525423729,
            "oem_mass": null,
            "powersystem_mass": 697.6263585043772,
            "misc_mass": 308.0374069557048,
            "lg_mass": 124.32122070610491
      },
      "Aero": {
            "label": "Aero",
            "cd0_cruise": 0.035154581075326596,
            "cL_max": 1.7,
            "cL_max_flaps60": 2.1,
            "cL_alpha": 4.734893910026922,
            "e": 0.8276006759542479,
            "v_stall_flaps20": 42.0,
            "cL_descent_trans_flaps20": 1.83,
            "alpha_descent_trans_flaps20": 0.2219,
            "cdi_climb_clean": 0.013,
            "alpha_climb_clean": 0.0873,
            "cl_climb_clean": 0.592,
            "ld_climb": 220.449,
            "cL_alpha0_approach": 0.798,
            "alpha_approach": 0.2,
            "cd_cruise": 0.05366918602537669,
            "cd_upsweep": 0.016216897377917164,
            "cd_base": 0.0,
            "cL_cruise": 0.5968407115940274,
            "cm_ac": -0.054,
            "cm_alpha": null,
            "alpha_zero_L": null,
            "ld_cruise": 11.120733437466706,
            "ld_max": 12.258109574900566,
            "cl_ld_max": 0.879482914687608,
            "downwash_angle": 0.09530224102729465,
            "downwash_angle_wing": 0.05271264331632115,
            "downwash_angle_prop": 0.0786014329433922,
            "downwash_angle_stall": 0.22197201625968602,
            "downwash_angle_wing_stall": 0.1517455318010746,
            "downwash_angle_prop_stall": 0.4004370786386418,
            "ld_stall": 5.998714723114707,
            "cd_stall": 0.35007499054891195,
            "cd0_stall": 0.12086361876381634,
            "mach_stall": null,
            "deps_da": 0.407341497727836,
            "mach_cruise": null,
            "cL_plus_slipstream": null,
            "cL_plus_slipstream_stall": null,
            "delta_alpha_zero_L_flaps60": null,
            "cd_tot_cruise": null
      },
      "Power": {
            "label": "Power",
            "battery_mass": 269.0254042961288,
            "fuelcell_mass": 42,
            "cooling_mass": 50.0,
            "h2_tank_mass": 336.6009542082484,
            "nu_FC_cruise_fraction": 0.8518518518518519,
            "battery_power": 1022296.5363252894,
            "battery_energy": 290547436.6398191,
            "battery_volume": 94.95014269275134,
            "fuelcell_volume": 0.039040559999999995,
            "h2_tank_volume": null,
            "h2_tank_length": 1.5,
            "powersystem_mass": 697.6263585043772
      },
      "Engine": {
            "label": "Engine",
            "x_rotor_loc": [
                  3.1248466424192243,
                  3.1248466424192243,
                  5.8358679674218426,
                  5.8358679674218426,
                  6.8,
                  6.8
            ],
            "y_rotor_loc": [
                  2.3,
                  -2.3,
                  4.697732064997583,
                  -4.697732064997583,
                  2.3,
                  -2.3
            ],
            "pylon_length": 2.2,
            "total_disk_area": 40.0,
            "totalmass": 618.894823312233,
            "mass_perpowertrain": 103.1491372187055,
            "mass_pernacelle": 22.1491372187055,
            "mass_pertotalengine": 81.0,
            "thrust_coefficient": null,
            "thrust_per_engine": null,
            "hub_radius": null,
            "prop_radius": null,
            "prop_area": null
      },
      "Stability": {
            "label": "Stability",
            "Cm_de": -2.588331803040569,
            "Cn_dr": -0.1672431733705051,
            "Cxa": null,
            "Cxq": null,
            "Cza": null,
            "Czq": null,
            "Cma": null,
            "Cmq": null,
            "Cz_adot": null,
            "Cm_adot": null,
            "muc": null,
            "Cxu": null,
            "Czu": null,
            "Cx0": null,
            "Cz0": null,
            "Cmu": null,
            "Cyb": null,
            "Cyp": null,
            "Cyr": null,
            "Clb": null,